項目名,URL,調査要約,関連しているディスカッション内容,パブリッシャー
段階7: A1. 月額料金の詳細比較: UQモバイルとahamoの基本料金、割引適用後の実質料金を明確にする,https://ahamo.com/,"UQモバイルとahamoの料金プラン（2025年10月時点の最新プラン）の詳細は以下の通りである。

| サービス | プラン名 | データ容量 | 基本料金（税込） | 割引額 | 実質料金（税込） | 割引適用条件 |
| :--- | :--- | :--- | :--- | :--- | :...",段階8ラウンド1: 料金体系の本質的な違い,ahamo.com
段階7: A1. 月額料金の詳細比較: UQモバイルとahamoの基本料金、割引適用後の実質料金を明確にする,https://www.uqwimax.jp/mobile/plan/komikomi-pv/,"UQモバイルとahamoの料金プラン（2025年10月時点の最新プラン）の詳細は以下の通りである。

| サービス | プラン名 | データ容量 | 基本料金（税込） | 割引額 | 実質料金（税込） | 割引適用条件 |
| :--- | :--- | :--- | :--- | :--- | :...",段階8ラウンド1: 料金体系の本質的な違い,www.uqwimax.jp
段階7: A1. 月額料金の詳細比較: UQモバイルとahamoの基本料金、割引適用後の実質料金を明確にする,https://www.uqwimax.jp/mobile/plan/tokutoku2/,"UQモバイルとahamoの料金プラン（2025年10月時点の最新プラン）の詳細は以下の通りである。

| サービス | プラン名 | データ容量 | 基本料金（税込） | 割引額 | 実質料金（税込） | 割引適用条件 |
| :--- | :--- | :--- | :--- | :--- | :...",段階8ラウンド1: 料金体系の本質的な違い,www.uqwimax.jp
段階7: A1. 月額料金の詳細比較: UQモバイルとahamoの基本料金、割引適用後の実質料金を明確にする,https://www.uqwimax.jp/mobile/newplan/aupaycard/,"UQモバイルとahamoの料金プラン（2025年10月時点の最新プラン）の詳細は以下の通りである。

| サービス | プラン名 | データ容量 | 基本料金（税込） | 割引額 | 実質料金（税込） | 割引適用条件 |
| :--- | :--- | :--- | :--- | :--- | :...",段階8ラウンド1: 料金体系の本質的な違い,www.uqwimax.jp
段階7: A1. 月額料金の詳細比較: UQモバイルとahamoの基本料金、割引適用後の実質料金を明確にする,https://news.mynavi.jp/sim-mobile/uqmobile-price-increase/,"UQモバイルとahamoの料金プラン（2025年10月時点の最新プラン）の詳細は以下の通りである。

| サービス | プラン名 | データ容量 | 基本料金（税込） | 割引額 | 実質料金（税込） | 割引適用条件 |
| :--- | :--- | :--- | :--- | :--- | :...",段階8ラウンド1: 料金体系の本質的な違い,news.mynavi.jp
段階7: A2. 初期費用の完全比較: 事務手数料、SIMカード発行手数料、端末購入時の割引など、契約時の初期費用の違いを明確にする,https://my-best.com/22375,"**1. 事務手数料・SIMカード発行手数料**
*   **一般的な費用**: 格安SIM（MVNO）の初期費用は、事務手数料とSIM発行手数料を合わせて**約3,000円〜4,000円程度**（税込）が一般的。事務手数料は**3,300円**（税込）程度、SIMカード発行手数料は**220円〜4...",段階8ラウンド1: 料金体系の本質的な違い,my-best.com
段階7: A2. 初期費用の完全比較: 事務手数料、SIMカード発行手数料、端末購入時の割引など、契約時の初期費用の違いを明確にする,https://rokemoba.com/smartphone/kakuyasusim-administrative-fee-free/,"**1. 事務手数料・SIMカード発行手数料**
*   **一般的な費用**: 格安SIM（MVNO）の初期費用は、事務手数料とSIM発行手数料を合わせて**約3,000円〜4,000円程度**（税込）が一般的。事務手数料は**3,300円**（税込）程度、SIMカード発行手数料は**220円〜4...",段階8ラウンド1: 料金体系の本質的な違い,rokemoba.com
段階7: A2. 初期費用の完全比較: 事務手数料、SIMカード発行手数料、端末購入時の割引など、契約時の初期費用の違いを明確にする,https://news.mynavi.jp/sim-mobile/kakuyasusim-feefree/,"**1. 事務手数料・SIMカード発行手数料**
*   **一般的な費用**: 格安SIM（MVNO）の初期費用は、事務手数料とSIM発行手数料を合わせて**約3,000円〜4,000円程度**（税込）が一般的。事務手数料は**3,300円**（税込）程度、SIMカード発行手数料は**220円〜4...",段階8ラウンド1: 料金体系の本質的な違い,news.mynavi.jp
段階7: A2. 初期費用の完全比較: 事務手数料、SIMカード発行手数料、端末購入時の割引など、契約時の初期費用の違いを明確にする,https://simchange.jp/post-196935/,"**1. 事務手数料・SIMカード発行手数料**
*   **一般的な費用**: 格安SIM（MVNO）の初期費用は、事務手数料とSIM発行手数料を合わせて**約3,000円〜4,000円程度**（税込）が一般的。事務手数料は**3,300円**（税込）程度、SIMカード発行手数料は**220円〜4...",段階8ラウンド1: 料金体系の本質的な違い,simchange.jp
段階7: A2. 初期費用の完全比較: 事務手数料、SIMカード発行手数料、端末購入時の割引など、契約時の初期費用の違いを明確にする,https://starcraft-n.co.jp/erisgood/mobile/sim/sim-initial-cost-free/,"**1. 事務手数料・SIMカード発行手数料**
*   **一般的な費用**: 格安SIM（MVNO）の初期費用は、事務手数料とSIM発行手数料を合わせて**約3,000円〜4,000円程度**（税込）が一般的。事務手数料は**3,300円**（税込）程度、SIMカード発行手数料は**220円〜4...",段階8ラウンド1: 料金体系の本質的な違い,starcraft-n.co.jp
段階7: A2. 初期費用の完全比較: 事務手数料、SIMカード発行手数料、端末購入時の割引など、契約時の初期費用の違いを明確にする,https://hikkoshizamurai.jp/soldi/articles/cheap_sim_administrativefee_free/,"**1. 事務手数料・SIMカード発行手数料**
*   **一般的な費用**: 格安SIM（MVNO）の初期費用は、事務手数料とSIM発行手数料を合わせて**約3,000円〜4,000円程度**（税込）が一般的。事務手数料は**3,300円**（税込）程度、SIMカード発行手数料は**220円〜4...",段階8ラウンド1: 料金体系の本質的な違い,hikkoshizamurai.jp
段階7: A2. 初期費用の完全比較: 事務手数料、SIMカード発行手数料、端末購入時の割引など、契約時の初期費用の違いを明確にする,https://kakuyasu-sim.jp/,"**1. 事務手数料・SIMカード発行手数料**
*   **一般的な費用**: 格安SIM（MVNO）の初期費用は、事務手数料とSIM発行手数料を合わせて**約3,000円〜4,000円程度**（税込）が一般的。事務手数料は**3,300円**（税込）程度、SIMカード発行手数料は**220円〜4...",段階8ラウンド1: 料金体系の本質的な違い,kakuyasu-sim.jp
段階7: A2. 初期費用の完全比較: 事務手数料、SIMカード発行手数料、端末購入時の割引など、契約時の初期費用の違いを明確にする,https://k-tai.watch.impress.co.jp/docs/topic/special/2018657.html,"**1. 事務手数料・SIMカード発行手数料**
*   **一般的な費用**: 格安SIM（MVNO）の初期費用は、事務手数料とSIM発行手数料を合わせて**約3,000円〜4,000円程度**（税込）が一般的。事務手数料は**3,300円**（税込）程度、SIMカード発行手数料は**220円〜4...",段階8ラウンド1: 料金体系の本質的な違い,k-tai.watch.impress.co.jp
段階7: A2. 初期費用の完全比較: 事務手数料、SIMカード発行手数料、端末購入時の割引など、契約時の初期費用の違いを明確にする,https://news.yahoo.co.jp/articles/677bc1017559269fe8715fcb9b113fec84684c7f,"**1. 事務手数料・SIMカード発行手数料**
*   **一般的な費用**: 格安SIM（MVNO）の初期費用は、事務手数料とSIM発行手数料を合わせて**約3,000円〜4,000円程度**（税込）が一般的。事務手数料は**3,300円**（税込）程度、SIMカード発行手数料は**220円〜4...",段階8ラウンド1: 料金体系の本質的な違い,news.yahoo.co.jp
段階7: A2. 初期費用の完全比較: 事務手数料、SIMカード発行手数料、端末購入時の割引など、契約時の初期費用の違いを明確にする,https://topics.smt.docomo.ne.jp/article/financialfield/life/financialfield-396446,"**1. 事務手数料・SIMカード発行手数料**
*   **一般的な費用**: 格安SIM（MVNO）の初期費用は、事務手数料とSIM発行手数料を合わせて**約3,000円〜4,000円程度**（税込）が一般的。事務手数料は**3,300円**（税込）程度、SIMカード発行手数料は**220円〜4...",段階8ラウンド1: 料金体系の本質的な違い,topics.smt.docomo.ne.jp
段階7: A2. 初期費用の完全比較: 事務手数料、SIMカード発行手数料、端末購入時の割引など、契約時の初期費用の違いを明確にする,https://www.showcase-tv.com/mobile/softbank-syokihiyou/,"**1. 事務手数料・SIMカード発行手数料**
*   **一般的な費用**: 格安SIM（MVNO）の初期費用は、事務手数料とSIM発行手数料を合わせて**約3,000円〜4,000円程度**（税込）が一般的。事務手数料は**3,300円**（税込）程度、SIMカード発行手数料は**220円〜4...",段階8ラウンド1: 料金体系の本質的な違い,www.showcase-tv.com
段階7: A2. 初期費用の完全比較: 事務手数料、SIMカード発行手数料、端末購入時の割引など、契約時の初期費用の違いを明確にする,https://www.benefon.com/change-sim/handling-fee-free,"**1. 事務手数料・SIMカード発行手数料**
*   **一般的な費用**: 格安SIM（MVNO）の初期費用は、事務手数料とSIM発行手数料を合わせて**約3,000円〜4,000円程度**（税込）が一般的。事務手数料は**3,300円**（税込）程度、SIMカード発行手数料は**220円〜4...",段階8ラウンド1: 料金体系の本質的な違い,www.benefon.com
段階7: A5. 家族割引の実態調査: UQモバイルの「家族セット割」の適用条件と実際の割引額を明確にする,https://www.uqwimax.jp/mobile/newplan/kazoku/,"**割引額と対象回線**
*   **割引額:** UQ mobileの対象プランを利用している家族回線に対し、**1回線あたり月額550円（税込）**が割引される。
*   **最大回線数:** UQ mobile回線合計で**10回線まで**割引対象となる（au回線はカウント対象だが割引対象外）...",段階8のディスカッション全体に関連（調査結果として活用）,www.uqwimax.jp
段階7: A5. 家族割引の実態調査: UQモバイルの「家族セット割」の適用条件と実際の割引額を明確にする,https://www.uqwimax.jp/information/202507011.html,"**割引額と対象回線**
*   **割引額:** UQ mobileの対象プランを利用している家族回線に対し、**1回線あたり月額550円（税込）**が割引される。
*   **最大回線数:** UQ mobile回線合計で**10回線まで**割引対象となる（au回線はカウント対象だが割引対象外）...",段階8のディスカッション全体に関連（調査結果として活用）,www.uqwimax.jp
段階7: A5. 家族割引の実態調査: UQモバイルの「家族セット割」の適用条件と実際の割引額を明確にする,https://selectra.jp/telecom/mobile/uqmobile-family-discount,"**割引額と対象回線**
*   **割引額:** UQ mobileの対象プランを利用している家族回線に対し、**1回線あたり月額550円（税込）**が割引される。
*   **最大回線数:** UQ mobile回線合計で**10回線まで**割引対象となる（au回線はカウント対象だが割引対象外）...",段階8のディスカッション全体に関連（調査結果として活用）,selectra.jp
段階7: A5. 家族割引の実態調査: UQモバイルの「家族セット割」の適用条件と実際の割引額を明確にする,https://hikkoshizamurai.jp/soldi/articles/uq_mobile_family_discount/,"**割引額と対象回線**
*   **割引額:** UQ mobileの対象プランを利用している家族回線に対し、**1回線あたり月額550円（税込）**が割引される。
*   **最大回線数:** UQ mobile回線合計で**10回線まで**割引対象となる（au回線はカウント対象だが割引対象外）...",段階8のディスカッション全体に関連（調査結果として活用）,hikkoshizamurai.jp
段階7: A6. 長期利用時の累積コスト比較: 2年間、5年間使った場合の累積コストの違いを明確にする,https://ai-lab.innocentpress.com/540/nas-2bay-vs-4bay-tco-analysis/,"**NAS（2ベイ vs 4ベイ）の5年間TCO（総所有コスト）シミュレーション**の客観的な比較データは、長期利用におけるコスト構造の違いを明確に示している。

| データ増加率 | 5年後の必要容量 | 2ベイ 5年間TCO | 4ベイ 5年間TCO | 最適解 | 2ベイの優位性 |
| :-...",段階8のディスカッション全体に関連（調査結果として活用）,ai-lab.innocentpress.com
段階7: A6. 長期利用時の累積コスト比較: 2年間、5年間使った場合の累積コストの違いを明確にする,https://note.com/realme_note/n/n049600c6035a,"**NAS（2ベイ vs 4ベイ）の5年間TCO（総所有コスト）シミュレーション**の客観的な比較データは、長期利用におけるコスト構造の違いを明確に示している。

| データ増加率 | 5年後の必要容量 | 2ベイ 5年間TCO | 4ベイ 5年間TCO | 最適解 | 2ベイの優位性 |
| :-...",段階8のディスカッション全体に関連（調査結果として活用）,note.com
段階7: B1. 通信速度の実測データ比較: 実際の通信速度（ダウンロード速度、アップロード速度、Ping値）を時間帯別に比較する,https://www.showcase-tv.com/hikari/speed-ranking/,"**光回線（NURO光の例）の時間帯別平均速度（出典: みんなのネット回線速度）**

| 時間帯 | Ping (ms) | ダウンロード (Mbps) | アップロード (Mbps) |
| :--- | :--- | :--- | :--- |
| 朝 (5:00-8:59) | 12.60 ...",段階8ラウンド2: 通信品質の実態,www.showcase-tv.com
段階7: B1. 通信速度の実測データ比較: 実際の通信速度（ダウンロード速度、アップロード速度、Ping値）を時間帯別に比較する,https://access-network.jp/night-speed/,"**光回線（NURO光の例）の時間帯別平均速度（出典: みんなのネット回線速度）**

| 時間帯 | Ping (ms) | ダウンロード (Mbps) | アップロード (Mbps) |
| :--- | :--- | :--- | :--- |
| 朝 (5:00-8:59) | 12.60 ...",段階8ラウンド2: 通信品質の実態,access-network.jp
段階7: B1. 通信速度の実測データ比較: 実際の通信速度（ダウンロード速度、アップロード速度、Ping値）を時間帯別に比較する,https://kaisen-sokudo-nantokasitai.com/researches-docomo-optical-line-at-night-fatally-slow/,"**光回線（NURO光の例）の時間帯別平均速度（出典: みんなのネット回線速度）**

| 時間帯 | Ping (ms) | ダウンロード (Mbps) | アップロード (Mbps) |
| :--- | :--- | :--- | :--- |
| 朝 (5:00-8:59) | 12.60 ...",段階8ラウンド2: 通信品質の実態,kaisen-sokudo-nantokasitai.com
段階7: B1. 通信速度の実測データ比較: 実際の通信速度（ダウンロード速度、アップロード速度、Ping値）を時間帯別に比較する,https://pixela.co.jp/mobiledash/cheap-sim-speed/,"**光回線（NURO光の例）の時間帯別平均速度（出典: みんなのネット回線速度）**

| 時間帯 | Ping (ms) | ダウンロード (Mbps) | アップロード (Mbps) |
| :--- | :--- | :--- | :--- |
| 朝 (5:00-8:59) | 12.60 ...",段階8ラウンド2: 通信品質の実態,pixela.co.jp
段階7: B1. 通信速度の実測データ比較: 実際の通信速度（ダウンロード速度、アップロード速度、Ping値）を時間帯別に比較する,https://starcraft-n.co.jp/erisgood/mobile/sim/sim-speed/,"**光回線（NURO光の例）の時間帯別平均速度（出典: みんなのネット回線速度）**

| 時間帯 | Ping (ms) | ダウンロード (Mbps) | アップロード (Mbps) |
| :--- | :--- | :--- | :--- |
| 朝 (5:00-8:59) | 12.60 ...",段階8ラウンド2: 通信品質の実態,starcraft-n.co.jp
段階7: B2. 混雑時間帯の速度比較: 昼休み、夕方など、混雑時間帯での実測速度を比較する,https://starcraft-n.co.jp/erisgood/mobile/sim/ahamo-povo-linemo-rakuten-hikaku/,"**【混雑時間帯（昼：12:00～12:59）の平均ダウンロード速度（Mbps）】**
*   **ahamo**: 99.88Mbps
*   **povo**: 85.28Mbps
*   **LINEMO**: 54.38Mbps
*   **楽天モバイル**: 52.22Mbps
*   *...",段階8ラウンド2: 通信品質の実態,starcraft-n.co.jp
段階7: B2. 混雑時間帯の速度比較: 昼休み、夕方など、混雑時間帯での実測速度を比較する,https://www.simlabo.jp/linemo/entry/speed,"**【混雑時間帯（昼：12:00～12:59）の平均ダウンロード速度（Mbps）】**
*   **ahamo**: 99.88Mbps
*   **povo**: 85.28Mbps
*   **LINEMO**: 54.38Mbps
*   **楽天モバイル**: 52.22Mbps
*   *...",段階8ラウンド2: 通信品質の実態,www.simlabo.jp
段階7: B2. 混雑時間帯の速度比較: 昼休み、夕方など、混雑時間帯での実測速度を比較する,https://keita-inagaki.com/nihontsushin/,"**【混雑時間帯（昼：12:00～12:59）の平均ダウンロード速度（Mbps）】**
*   **ahamo**: 99.88Mbps
*   **povo**: 85.28Mbps
*   **LINEMO**: 54.38Mbps
*   **楽天モバイル**: 52.22Mbps
*   *...",段階8ラウンド2: 通信品質の実態,keita-inagaki.com
段階7: B2. 混雑時間帯の速度比較: 昼休み、夕方など、混雑時間帯での実測速度を比較する,https://mobile-pal.com/recommended-careerplan/,"**【混雑時間帯（昼：12:00～12:59）の平均ダウンロード速度（Mbps）】**
*   **ahamo**: 99.88Mbps
*   **povo**: 85.28Mbps
*   **LINEMO**: 54.38Mbps
*   **楽天モバイル**: 52.22Mbps
*   *...",段階8ラウンド2: 通信品質の実態,mobile-pal.com
段階7: B2. 混雑時間帯の速度比較: 昼休み、夕方など、混雑時間帯での実測速度を比較する,https://pixela.co.jp/mobiledash/cheap-sim-speed/,"**【混雑時間帯（昼：12:00～12:59）の平均ダウンロード速度（Mbps）】**
*   **ahamo**: 99.88Mbps
*   **povo**: 85.28Mbps
*   **LINEMO**: 54.38Mbps
*   **楽天モバイル**: 52.22Mbps
*   *...",段階8ラウンド2: 通信品質の実態,pixela.co.jp
段階7: B3. 低速時の実用性比較: 1Mbpsと300kbpsで、実際にどのようなサービスが使えるかを明確にする,https://www.itmedia.co.jp/mobile/articles/2401/09/news072.html,"**【1Mbpsで可能なこと】**
*   **動画視聴（YouTube）:** 480p画質までなら快適に視聴可能。720p以上は頻繁に停止する。
*   **SNS（X/旧Twitter）:** ほぼ快適に利用可能。画像や動画の読み込みにわずかな遅延がある程度。
*   **音楽ストリーミング（...",段階8ラウンド2: 通信品質の実態,www.itmedia.co.jp
段階7: B3. 低速時の実用性比較: 1Mbpsと300kbpsで、実際にどのようなサービスが使えるかを明確にする,https://www.itmedia.co.jp/mobile/articles/2401/09/news072_2.html,"**【1Mbpsで可能なこと】**
*   **動画視聴（YouTube）:** 480p画質までなら快適に視聴可能。720p以上は頻繁に停止する。
*   **SNS（X/旧Twitter）:** ほぼ快適に利用可能。画像や動画の読み込みにわずかな遅延がある程度。
*   **音楽ストリーミング（...",段階8ラウンド2: 通信品質の実態,www.itmedia.co.jp
段階7: B3. 低速時の実用性比較: 1Mbpsと300kbpsで、実際にどのようなサービスが使えるかを明確にする,https://bbs.kakaku.com/bbs/-/SortID=23975471/,"**【1Mbpsで可能なこと】**
*   **動画視聴（YouTube）:** 480p画質までなら快適に視聴可能。720p以上は頻繁に停止する。
*   **SNS（X/旧Twitter）:** ほぼ快適に利用可能。画像や動画の読み込みにわずかな遅延がある程度。
*   **音楽ストリーミング（...",段階8ラウンド2: 通信品質の実態,bbs.kakaku.com
段階7: C1. 実際のデータ利用量の分布調査: 一般的なユーザーの月間データ利用量の分布を把握する,https://www.m2ri.jp/release/detail.html?id=592,MM総研の「携帯電話の月額利用料金とサービス利用実態」（2023年7月調査）によると、スマートフォン利用者の月間モバイルデータ通信量の平均値は**10.33GB**である一方、中央値は**3GB**となっている。有効回答者のうち、**56.2%**が3GB以下の通信量で、**77.5%**が10GB...,段階8ラウンド2: 通信品質の実態（データ容量関連）,www.m2ri.jp
段階7: C1. 実際のデータ利用量の分布調査: 一般的なユーザーの月間データ利用量の分布を把握する,https://www.soumu.go.jp/johotsusintokei/whitepaper/ja/r06/html/nd212240.html,MM総研の「携帯電話の月額利用料金とサービス利用実態」（2023年7月調査）によると、スマートフォン利用者の月間モバイルデータ通信量の平均値は**10.33GB**である一方、中央値は**3GB**となっている。有効回答者のうち、**56.2%**が3GB以下の通信量で、**77.5%**が10GB...,段階8ラウンド2: 通信品質の実態（データ容量関連）,www.soumu.go.jp
段階7: C1. 実際のデータ利用量の分布調査: 一般的なユーザーの月間データ利用量の分布を把握する,https://www.marketenterprise.co.jp/mobile/15565/,MM総研の「携帯電話の月額利用料金とサービス利用実態」（2023年7月調査）によると、スマートフォン利用者の月間モバイルデータ通信量の平均値は**10.33GB**である一方、中央値は**3GB**となっている。有効回答者のうち、**56.2%**が3GB以下の通信量で、**77.5%**が10GB...,段階8ラウンド2: 通信品質の実態（データ容量関連）,www.marketenterprise.co.jp
段階7: C1. 実際のデータ利用量の分布調査: 一般的なユーザーの月間データ利用量の分布を把握する,https://prtimes.jp/main/html/rd/p/000000080.000019031.html,MM総研の「携帯電話の月額利用料金とサービス利用実態」（2023年7月調査）によると、スマートフォン利用者の月間モバイルデータ通信量の平均値は**10.33GB**である一方、中央値は**3GB**となっている。有効回答者のうち、**56.2%**が3GB以下の通信量で、**77.5%**が10GB...,段階8ラウンド2: 通信品質の実態（データ容量関連）,prtimes.jp
段階7: C1. 実際のデータ利用量の分布調査: 一般的なユーザーの月間データ利用量の分布を把握する,https://network.mobile.rakuten.co.jp/uservoice/54/,MM総研の「携帯電話の月額利用料金とサービス利用実態」（2023年7月調査）によると、スマートフォン利用者の月間モバイルデータ通信量の平均値は**10.33GB**である一方、中央値は**3GB**となっている。有効回答者のうち、**56.2%**が3GB以下の通信量で、**77.5%**が10GB...,段階8ラウンド2: 通信品質の実態（データ容量関連）,network.mobile.rakuten.co.jp
段階7: C1. 実際のデータ利用量の分布調査: 一般的なユーザーの月間データ利用量の分布を把握する,https://news.yahoo.co.jp/articles/e8b6f6bff4d57d5e1a5afc8e5f871ec908ec34c8,MM総研の「携帯電話の月額利用料金とサービス利用実態」（2023年7月調査）によると、スマートフォン利用者の月間モバイルデータ通信量の平均値は**10.33GB**である一方、中央値は**3GB**となっている。有効回答者のうち、**56.2%**が3GB以下の通信量で、**77.5%**が10GB...,段階8ラウンド2: 通信品質の実態（データ容量関連）,news.yahoo.co.jp
段階7: C1. 実際のデータ利用量の分布調査: 一般的なユーザーの月間データ利用量の分布を把握する,https://join.biglobe.ne.jp/mobile/sim/gurashi/tips_0271/,MM総研の「携帯電話の月額利用料金とサービス利用実態」（2023年7月調査）によると、スマートフォン利用者の月間モバイルデータ通信量の平均値は**10.33GB**である一方、中央値は**3GB**となっている。有効回答者のうち、**56.2%**が3GB以下の通信量で、**77.5%**が10GB...,段階8ラウンド2: 通信品質の実態（データ容量関連）,join.biglobe.ne.jp
段階7: C1. 実際のデータ利用量の分布調査: 一般的なユーザーの月間データ利用量の分布を把握する,https://network.mobile.rakuten.co.jp/sumakatsu/contents/articles/2025/257/,MM総研の「携帯電話の月額利用料金とサービス利用実態」（2023年7月調査）によると、スマートフォン利用者の月間モバイルデータ通信量の平均値は**10.33GB**である一方、中央値は**3GB**となっている。有効回答者のうち、**56.2%**が3GB以下の通信量で、**77.5%**が10GB...,段階8ラウンド2: 通信品質の実態（データ容量関連）,network.mobile.rakuten.co.jp
段階7: C1. 実際のデータ利用量の分布調査: 一般的なユーザーの月間データ利用量の分布を把握する,https://so-hikari.com/cause-of-giga-reduction/,MM総研の「携帯電話の月額利用料金とサービス利用実態」（2023年7月調査）によると、スマートフォン利用者の月間モバイルデータ通信量の平均値は**10.33GB**である一方、中央値は**3GB**となっている。有効回答者のうち、**56.2%**が3GB以下の通信量で、**77.5%**が10GB...,段階8ラウンド2: 通信品質の実態（データ容量関連）,so-hikari.com
段階7: C1. 実際のデータ利用量の分布調査: 一般的なユーザーの月間データ利用量の分布を把握する,https://anshin-security.docomo.ne.jp/security_news/virus/column022.html,MM総研の「携帯電話の月額利用料金とサービス利用実態」（2023年7月調査）によると、スマートフォン利用者の月間モバイルデータ通信量の平均値は**10.33GB**である一方、中央値は**3GB**となっている。有効回答者のうち、**56.2%**が3GB以下の通信量で、**77.5%**が10GB...,段階8ラウンド2: 通信品質の実態（データ容量関連）,anshin-security.docomo.ne.jp
段階7: C2. データ繰り越しの実際の価値調査: データ繰り越しを活用している人の割合と、実際に繰り越しているデータ量を把握する,https://prtimes.jp/main/html/rd/p/000000010.000060688.html,"- **データ繰り越し機能の満足度（格安スマホ利用者）**:
  - 格安スマホ利用者のうち、**3割弱**が満足点として「余ったデータ通信量を翌月に繰り越し可能」であることを挙げている。これは「月額利用料金」（72.4%）に次ぐ高い割合であり、「データ通信容量」と同水準である（マイボイスコム「格安...",段階8ラウンド2: 通信品質の実態（データ容量関連）,prtimes.jp
段階7: C2. データ繰り越しの実際の価値調査: データ繰り越しを活用している人の割合と、実際に繰り越しているデータ量を把握する,https://www.myvoice.co.jp/biz/surveys/22415/index.html,"- **データ繰り越し機能の満足度（格安スマホ利用者）**:
  - 格安スマホ利用者のうち、**3割弱**が満足点として「余ったデータ通信量を翌月に繰り越し可能」であることを挙げている。これは「月額利用料金」（72.4%）に次ぐ高い割合であり、「データ通信容量」と同水準である（マイボイスコム「格安...",段階8ラウンド2: 通信品質の実態（データ容量関連）,www.myvoice.co.jp
段階7: C2. データ繰り越しの実際の価値調査: データ繰り越しを活用している人の割合と、実際に繰り越しているデータ量を把握する,https://www.uqwimax.jp/mobile/norikae/data/,"- **データ繰り越し機能の満足度（格安スマホ利用者）**:
  - 格安スマホ利用者のうち、**3割弱**が満足点として「余ったデータ通信量を翌月に繰り越し可能」であることを挙げている。これは「月額利用料金」（72.4%）に次ぐ高い割合であり、「データ通信容量」と同水準である（マイボイスコム「格安...",段階8ラウンド2: 通信品質の実態（データ容量関連）,www.uqwimax.jp
段階7: C2. データ繰り越しの実際の価値調査: データ繰り越しを活用している人の割合と、実際に繰り越しているデータ量を把握する,https://www.itmedia.co.jp/mobile/articles/1607/31/news037.html,"- **データ繰り越し機能の満足度（格安スマホ利用者）**:
  - 格安スマホ利用者のうち、**3割弱**が満足点として「余ったデータ通信量を翌月に繰り越し可能」であることを挙げている。これは「月額利用料金」（72.4%）に次ぐ高い割合であり、「データ通信容量」と同水準である（マイボイスコム「格安...",段階8ラウンド2: 通信品質の実態（データ容量関連）,www.itmedia.co.jp
段階7: C2. データ繰り越しの実際の価値調査: データ繰り越しを活用している人の割合と、実際に繰り越しているデータ量を把握する,https://book.mynavi.jp/ashita_magazine/iijmio/,"- **データ繰り越し機能の満足度（格安スマホ利用者）**:
  - 格安スマホ利用者のうち、**3割弱**が満足点として「余ったデータ通信量を翌月に繰り越し可能」であることを挙げている。これは「月額利用料金」（72.4%）に次ぐ高い割合であり、「データ通信容量」と同水準である（マイボイスコム「格安...",段階8ラウンド2: 通信品質の実態（データ容量関連）,book.mynavi.jp
段階7: C2. データ繰り越しの実際の価値調査: データ繰り越しを活用している人の割合と、実際に繰り越しているデータ量を把握する,https://note.com/0okaorino0/n/n344437332bd1,"- **データ繰り越し機能の満足度（格安スマホ利用者）**:
  - 格安スマホ利用者のうち、**3割弱**が満足点として「余ったデータ通信量を翌月に繰り越し可能」であることを挙げている。これは「月額利用料金」（72.4%）に次ぐ高い割合であり、「データ通信容量」と同水準である（マイボイスコム「格安...",段階8ラウンド2: 通信品質の実態（データ容量関連）,note.com
段階7: D1. 実際の通話時間の分布調査: 一般的なユーザーの1回あたりの通話時間の分布を把握する,https://www.ciaj.or.jp/tusin/activities/report_2021.pdf,"情報通信ネットワーク産業協会（CIAJ）の2021年度調査によると、ユーザーの1回あたり平均通話時間の分布は以下の通りである。
- **3分未満:** 27%
- **3分～5分未満:** 11%
- **5分～10分未満:** 25%
- **10分～30分未満:** 20%
- **30分～1時...",段階8ラウンド1: 料金体系の本質的な違い（通話関連）,www.ciaj.or.jp
段階7: D1. 実際の通話時間の分布調査: 一般的なユーザーの1回あたりの通話時間の分布を把握する,https://garbagenews.net/archives/2016751.html,"情報通信ネットワーク産業協会（CIAJ）の2021年度調査によると、ユーザーの1回あたり平均通話時間の分布は以下の通りである。
- **3分未満:** 27%
- **3分～5分未満:** 11%
- **5分～10分未満:** 25%
- **10分～30分未満:** 20%
- **30分～1時...",段階8ラウンド1: 料金体系の本質的な違い（通話関連）,garbagenews.net
段階7: D1. 実際の通話時間の分布調査: 一般的なユーザーの1回あたりの通話時間の分布を把握する,https://detail.chiebukuro.yahoo.co.jp/qa/question_detail/q12245687097,"情報通信ネットワーク産業協会（CIAJ）の2021年度調査によると、ユーザーの1回あたり平均通話時間の分布は以下の通りである。
- **3分未満:** 27%
- **3分～5分未満:** 11%
- **5分～10分未満:** 25%
- **10分～30分未満:** 20%
- **30分～1時...",段階8ラウンド1: 料金体系の本質的な違い（通話関連）,detail.chiebukuro.yahoo.co.jp
段階7: D1. 実際の通話時間の分布調査: 一般的なユーザーの1回あたりの通話時間の分布を把握する,https://www.yomiuri.co.jp/otekomachi/20230830-OYT8T50043/,"情報通信ネットワーク産業協会（CIAJ）の2021年度調査によると、ユーザーの1回あたり平均通話時間の分布は以下の通りである。
- **3分未満:** 27%
- **3分～5分未満:** 11%
- **5分～10分未満:** 25%
- **10分～30分未満:** 20%
- **30分～1時...",段階8ラウンド1: 料金体系の本質的な違い（通話関連）,www.yomiuri.co.jp
段階7: D1. 実際の通話時間の分布調査: 一般的なユーザーの1回あたりの通話時間の分布を把握する,https://gamebiz.jp/news/127216,"情報通信ネットワーク産業協会（CIAJ）の2021年度調査によると、ユーザーの1回あたり平均通話時間の分布は以下の通りである。
- **3分未満:** 27%
- **3分～5分未満:** 11%
- **5分～10分未満:** 25%
- **10分～30分未満:** 20%
- **30分～1時...",段階8ラウンド1: 料金体系の本質的な違い（通話関連）,gamebiz.jp
段階7: D1. 実際の通話時間の分布調査: 一般的なユーザーの1回あたりの通話時間の分布を把握する,https://lineresearch-platform.blog.jp/archives/46718128.html,"情報通信ネットワーク産業協会（CIAJ）の2021年度調査によると、ユーザーの1回あたり平均通話時間の分布は以下の通りである。
- **3分未満:** 27%
- **3分～5分未満:** 11%
- **5分～10分未満:** 25%
- **10分～30分未満:** 20%
- **30分～1時...",段階8ラウンド1: 料金体系の本質的な違い（通話関連）,lineresearch-platform.blog.jp
段階7: E1. 店舗サポートの具体的な内容調査: UQモバイルの店舗で、どこまで無料でサポートしてもらえるかを明確にする,https://www.au.com/mobile/service/tentousettei-support/,"UQモバイルの店舗サポートは、UQスポット、au Style/auショップ、トヨタau取扱店（一部）で提供されている（出典1）。

しかし、具体的な設定・操作サポートの多くは、有料サービスである「au店頭サポート定額」（月額1,078円/税込）または「au店頭サポート（都度払い）」として提供されてい...",段階8ラウンド3: サポート体制の実態,www.au.com
段階7: E1. 店舗サポートの具体的な内容調査: UQモバイルの店舗で、どこまで無料でサポートしてもらえるかを明確にする,https://www.au.com/support/faq/details/00/0000/000027/pg00002750/,"UQモバイルの店舗サポートは、UQスポット、au Style/auショップ、トヨタau取扱店（一部）で提供されている（出典1）。

しかし、具体的な設定・操作サポートの多くは、有料サービスである「au店頭サポート定額」（月額1,078円/税込）または「au店頭サポート（都度払い）」として提供されてい...",段階8ラウンド3: サポート体制の実態,www.au.com
段階7: E1. 店舗サポートの具体的な内容調査: UQモバイルの店舗で、どこまで無料でサポートしてもらえるかを明確にする,https://k-tai.watch.impress.co.jp/docs/news/1308560.html,"UQモバイルの店舗サポートは、UQスポット、au Style/auショップ、トヨタau取扱店（一部）で提供されている（出典1）。

しかし、具体的な設定・操作サポートの多くは、有料サービスである「au店頭サポート定額」（月額1,078円/税込）または「au店頭サポート（都度払い）」として提供されてい...",段階8ラウンド3: サポート体制の実態,k-tai.watch.impress.co.jp
段階7: E1. 店舗サポートの具体的な内容調査: UQモバイルの店舗で、どこまで無料でサポートしてもらえるかを明確にする,https://powermatecorp.com/aushop-data-ikou/,"UQモバイルの店舗サポートは、UQスポット、au Style/auショップ、トヨタau取扱店（一部）で提供されている（出典1）。

しかし、具体的な設定・操作サポートの多くは、有料サービスである「au店頭サポート定額」（月額1,078円/税込）または「au店頭サポート（都度払い）」として提供されてい...",段階8ラウンド3: サポート体制の実態,powermatecorp.com
段階7: E2. オンラインサポートの実態調査: ahamoのチャットサポートの応答時間、解決率、満足度を把握する,https://ahamo.com/contact/index.html,"ahamoのオンラインサポートは、AIチャットボットと専門スタッフによる有人チャットで提供されている。
- **AIチャットボットの受付時間:** 24時間（年中無休）。
- **専門スタッフ（有人チャット）の受付時間:** 午前9時～午後10時（年中無休）。
- **サポートサービスに関する満足度...",段階8ラウンド3: サポート体制の実態,ahamo.com
段階7: E2. オンラインサポートの実態調査: ahamoのチャットサポートの応答時間、解決率、満足度を把握する,https://r-portal.gmo-research.ai/ranking/details/mobile-carrier-reasonable_2025/ahamo/,"ahamoのオンラインサポートは、AIチャットボットと専門スタッフによる有人チャットで提供されている。
- **AIチャットボットの受付時間:** 24時間（年中無休）。
- **専門スタッフ（有人チャット）の受付時間:** 午前9時～午後10時（年中無休）。
- **サポートサービスに関する満足度...",段階8ラウンド3: サポート体制の実態,r-portal.gmo-research.ai
段階7: E2. オンラインサポートの実態調査: ahamoのチャットサポートの応答時間、解決率、満足度を把握する,https://simchange.jp/post-200332/,"ahamoのオンラインサポートは、AIチャットボットと専門スタッフによる有人チャットで提供されている。
- **AIチャットボットの受付時間:** 24時間（年中無休）。
- **専門スタッフ（有人チャット）の受付時間:** 午前9時～午後10時（年中無休）。
- **サポートサービスに関する満足度...",段階8ラウンド3: サポート体制の実態,simchange.jp
段階7: E2. オンラインサポートの実態調査: ahamoのチャットサポートの応答時間、解決率、満足度を把握する,https://xn--auso-net-h53gmnzi.com/media/ahamo-reputation-3/,"ahamoのオンラインサポートは、AIチャットボットと専門スタッフによる有人チャットで提供されている。
- **AIチャットボットの受付時間:** 24時間（年中無休）。
- **専門スタッフ（有人チャット）の受付時間:** 午前9時～午後10時（年中無休）。
- **サポートサービスに関する満足度...",段階8ラウンド3: サポート体制の実態,xn--auso-net-h53gmnzi.com
段階7: E2. オンラインサポートの実態調査: ahamoのチャットサポートの応答時間、解決率、満足度を把握する,https://minhyo.jp/ahamobile,"ahamoのオンラインサポートは、AIチャットボットと専門スタッフによる有人チャットで提供されている。
- **AIチャットボットの受付時間:** 24時間（年中無休）。
- **専門スタッフ（有人チャット）の受付時間:** 午前9時～午後10時（年中無休）。
- **サポートサービスに関する満足度...",段階8ラウンド3: サポート体制の実態,minhyo.jp
段階7: F1. MNP転入の具体的な手順調査: MNP予約番号の取得から、開通までの具体的な手順を明確にする,,"MNP転入の手順には、**「従来方式（MNP予約番号方式）」**と**「MNPワンストップ方式」**の2つが存在する。

**1. 従来方式（MNP予約番号方式）**
*   **ステップ1: MNP予約番号の取得**：移転元（現在の携帯電話会社）に連絡し、MNP予約番号を取得する。この番号には有効...",段階8ラウンド4: 乗り換えの手間とリスク,不明
段階7: F4. 初期設定でつまずきやすいポイント調査: APN設定、データ移行など、初期設定でつまずきやすいポイントを明確にする,https://www.soumu.go.jp/menu_news/s-news/01kiban03_02000823.html,総務省が2022年9月に実施した新料金プランへの移行に関する利用者意識調査によると、オンライン手続きの経験がある者のうち、62.3%が「難しい、分かりづらい手続きはなかった」と回答しています。これは、手続き全般の困難度が大多数にとって低いことを示唆していますが、APN設定やデータ移行といった特定の技...,段階8ラウンド2: 通信品質の実態（データ容量関連）,www.soumu.go.jp
段階7: F4. 初期設定でつまずきやすいポイント調査: APN設定、データ移行など、初期設定でつまずきやすいポイントを明確にする,https://bbs.kakaku.com/bbs/-/SortID=25941053/,総務省が2022年9月に実施した新料金プランへの移行に関する利用者意識調査によると、オンライン手続きの経験がある者のうち、62.3%が「難しい、分かりづらい手続きはなかった」と回答しています。これは、手続き全般の困難度が大多数にとって低いことを示唆していますが、APN設定やデータ移行といった特定の技...,段階8ラウンド2: 通信品質の実態（データ容量関連）,bbs.kakaku.com
段階7: F4. 初期設定でつまずきやすいポイント調査: APN設定、データ移行など、初期設定でつまずきやすいポイントを明確にする,https://king.mineo.jp/reports/298194,総務省が2022年9月に実施した新料金プランへの移行に関する利用者意識調査によると、オンライン手続きの経験がある者のうち、62.3%が「難しい、分かりづらい手続きはなかった」と回答しています。これは、手続き全般の困難度が大多数にとって低いことを示唆していますが、APN設定やデータ移行といった特定の技...,段階8ラウンド2: 通信品質の実態（データ容量関連）,king.mineo.jp
段階7: F4. 初期設定でつまずきやすいポイント調査: APN設定、データ移行など、初期設定でつまずきやすいポイントを明確にする,https://king.mineo.jp/question-answer/%E3%83%87%E3%83%BC%E3%82%BF%E9%80%9A%E4%BF%A1%EF%BC%8F%E9%9F%B3%E5%A3%B0%E9%80%9A%E8%A9%B1/%E3%83%87%E3%83%BC%E3%82%BF%E9%80%9A%E4%BF%A1/40064,総務省が2022年9月に実施した新料金プランへの移行に関する利用者意識調査によると、オンライン手続きの経験がある者のうち、62.3%が「難しい、分かりづらい手続きはなかった」と回答しています。これは、手続き全般の困難度が大多数にとって低いことを示唆していますが、APN設定やデータ移行といった特定の技...,段階8ラウンド2: 通信品質の実態（データ容量関連）,king.mineo.jp
段階7: F4. 初期設定でつまずきやすいポイント調査: APN設定、データ移行など、初期設定でつまずきやすいポイントを明確にする,https://note.com/_yukky31/n/n1f39add774a3,総務省が2022年9月に実施した新料金プランへの移行に関する利用者意識調査によると、オンライン手続きの経験がある者のうち、62.3%が「難しい、分かりづらい手続きはなかった」と回答しています。これは、手続き全般の困難度が大多数にとって低いことを示唆していますが、APN設定やデータ移行といった特定の技...,段階8ラウンド2: 通信品質の実態（データ容量関連）,note.com
段階7: G1. 学生向けの最適プラン調査: 学生割引の有無と、学生のデータ利用パターンに合ったプランを明確にする,https://network.mobile.rakuten.co.jp/fee/youth/,"**学生割引の有無と内容（客観的情報）**
*   **楽天モバイル「最強青春プログラム」**: 13歳から22歳まで（学生でなくても可）を対象に、月額料金から毎月110円（税込）を割引。家族割「最強家族プログラム」と併用可能で、データ利用が3GBまでの場合、月額858円（税込）となる。データ利用量...",段階8ラウンド2: 通信品質の実態（データ容量関連）,network.mobile.rakuten.co.jp
段階7: G1. 学生向けの最適プラン調査: 学生割引の有無と、学生のデータ利用パターンに合ったプランを明確にする,https://network.mobile.rakuten.co.jp/uservoice/91/,"**学生割引の有無と内容（客観的情報）**
*   **楽天モバイル「最強青春プログラム」**: 13歳から22歳まで（学生でなくても可）を対象に、月額料金から毎月110円（税込）を割引。家族割「最強家族プログラム」と併用可能で、データ利用が3GBまでの場合、月額858円（税込）となる。データ利用量...",段階8ラウンド2: 通信品質の実態（データ容量関連）,network.mobile.rakuten.co.jp
段階7: G1. 学生向けの最適プラン調査: 学生割引の有無と、学生のデータ利用パターンに合ったプランを明確にする,https://www.itmedia.co.jp/mobile/articles/2409/13/news196.html,"**学生割引の有無と内容（客観的情報）**
*   **楽天モバイル「最強青春プログラム」**: 13歳から22歳まで（学生でなくても可）を対象に、月額料金から毎月110円（税込）を割引。家族割「最強家族プログラム」と併用可能で、データ利用が3GBまでの場合、月額858円（税込）となる。データ利用量...",段階8ラウンド2: 通信品質の実態（データ容量関連）,www.itmedia.co.jp
段階7: G1. 学生向けの最適プラン調査: 学生割引の有無と、学生のデータ利用パターンに合ったプランを明確にする,https://join.biglobe.ne.jp/ftth/hikari/guide/0046/,"**学生割引の有無と内容（客観的情報）**
*   **楽天モバイル「最強青春プログラム」**: 13歳から22歳まで（学生でなくても可）を対象に、月額料金から毎月110円（税込）を割引。家族割「最強家族プログラム」と併用可能で、データ利用が3GBまでの場合、月額858円（税込）となる。データ利用量...",段階8ラウンド2: 通信品質の実態（データ容量関連）,join.biglobe.ne.jp
段階7: G1. 学生向けの最適プラン調査: 学生割引の有無と、学生のデータ利用パターンに合ったプランを明確にする,https://www.sentankyo.jp/articles/1e99f3a0-4a1f-48b3-90cd-357c8e89929f,"**学生割引の有無と内容（客観的情報）**
*   **楽天モバイル「最強青春プログラム」**: 13歳から22歳まで（学生でなくても可）を対象に、月額料金から毎月110円（税込）を割引。家族割「最強家族プログラム」と併用可能で、データ利用が3GBまでの場合、月額858円（税込）となる。データ利用量...",段階8ラウンド2: 通信品質の実態（データ容量関連）,www.sentankyo.jp
段階7: G4. 子育て世代向けの最適プラン調査: 家族全員分の契約を管理する主婦・主夫に適したプランを明確にする,https://prtimes.jp/main/html/rd/p/000000001.000138845.html,"**1. 子育て世代の通信費の現状（客観的データ）**
*   **月平均額**: 子育て世代（3～4人家族・高校生以下のお子さんがいる方）の家族1人あたりの通信料月平均額は、**5,000円未満が半数以上**（3,000円未満 25.4%、3,000円～5,000円未満 27.2%）。
*   *...",段階8ラウンド5: 世代別・ライフスタイル別の最適解,prtimes.jp
段階7: G4. 子育て世代向けの最適プラン調査: 家族全員分の契約を管理する主婦・主夫に適したプランを明確にする,https://starcraft-n.co.jp/erisgood/mobile/sim/sim-family-discount/,"**1. 子育て世代の通信費の現状（客観的データ）**
*   **月平均額**: 子育て世代（3～4人家族・高校生以下のお子さんがいる方）の家族1人あたりの通信料月平均額は、**5,000円未満が半数以上**（3,000円未満 25.4%、3,000円～5,000円未満 27.2%）。
*   *...",段階8ラウンド5: 世代別・ライフスタイル別の最適解,starcraft-n.co.jp
段階7: G4. 子育て世代向けの最適プラン調査: 家族全員分の契約を管理する主婦・主夫に適したプランを明確にする,https://scan.netsecurity.ne.jp/internet/family-smartphone-lowprice/,"**1. 子育て世代の通信費の現状（客観的データ）**
*   **月平均額**: 子育て世代（3～4人家族・高校生以下のお子さんがいる方）の家族1人あたりの通信料月平均額は、**5,000円未満が半数以上**（3,000円未満 25.4%、3,000円～5,000円未満 27.2%）。
*   *...",段階8ラウンド5: 世代別・ライフスタイル別の最適解,scan.netsecurity.ne.jp
段階7: G4. 子育て世代向けの最適プラン調査: 家族全員分の契約を管理する主婦・主夫に適したプランを明確にする,https://note.com/setsunonote/n/n1aaae9dad9e4,"**1. 子育て世代の通信費の現状（客観的データ）**
*   **月平均額**: 子育て世代（3～4人家族・高校生以下のお子さんがいる方）の家族1人あたりの通信料月平均額は、**5,000円未満が半数以上**（3,000円未満 25.4%、3,000円～5,000円未満 27.2%）。
*   *...",段階8ラウンド5: 世代別・ライフスタイル別の最適解,note.com
段階7: G4. 子育て世代向けの最適プラン調査: 家族全員分の契約を管理する主婦・主夫に適したプランを明確にする,https://all-connect.co.jp/magazine/kakuyasu_sim_family_discount/,"**1. 子育て世代の通信費の現状（客観的データ）**
*   **月平均額**: 子育て世代（3～4人家族・高校生以下のお子さんがいる方）の家族1人あたりの通信料月平均額は、**5,000円未満が半数以上**（3,000円未満 25.4%、3,000円～5,000円未満 27.2%）。
*   *...",段階8ラウンド5: 世代別・ライフスタイル別の最適解,all-connect.co.jp
段階7: G4. 子育て世代向けの最適プラン調査: 家族全員分の契約を管理する主婦・主夫に適したプランを明確にする,https://www.iijmio.jp/uservoice/39/voice-misamu02.html,"**1. 子育て世代の通信費の現状（客観的データ）**
*   **月平均額**: 子育て世代（3～4人家族・高校生以下のお子さんがいる方）の家族1人あたりの通信料月平均額は、**5,000円未満が半数以上**（3,000円未満 25.4%、3,000円～5,000円未満 27.2%）。
*   *...",段階8ラウンド5: 世代別・ライフスタイル別の最適解,www.iijmio.jp
段階7: G5. シニア層向けの最適プラン調査: 60歳以上のユーザーに適したプランを明確にする,https://www.soumu.go.jp/johotsusintokei/whitepaper/ja/r03/html/nd111430.html,"**1. シニア層のデジタル利用状況（総務省 令和3年版 情報通信白書より）**
*   **スマートフォン・タブレット利用率**: 60～69歳で73.4%、70歳以上で40.8%にとどまり、世代間格差が大きい（内閣府 2020年調査）。
*   **デジタルを利用しない理由（70歳以上）**: ...",段階8ラウンド5: 世代別・ライフスタイル別の最適解,www.soumu.go.jp
段階7: G5. シニア層向けの最適プラン調査: 60歳以上のユーザーに適したプランを明確にする,https://simchange.jp/post-176535/,"**1. シニア層のデジタル利用状況（総務省 令和3年版 情報通信白書より）**
*   **スマートフォン・タブレット利用率**: 60～69歳で73.4%、70歳以上で40.8%にとどまり、世代間格差が大きい（内閣府 2020年調査）。
*   **デジタルを利用しない理由（70歳以上）**: ...",段階8ラウンド5: 世代別・ライフスタイル別の最適解,simchange.jp
段階7: G5. シニア層向けの最適プラン調査: 60歳以上のユーザーに適したプランを明確にする,https://note.com/modern_knot7158/n/n466b351d45ff,"**1. シニア層のデジタル利用状況（総務省 令和3年版 情報通信白書より）**
*   **スマートフォン・タブレット利用率**: 60～69歳で73.4%、70歳以上で40.8%にとどまり、世代間格差が大きい（内閣府 2020年調査）。
*   **デジタルを利用しない理由（70歳以上）**: ...",段階8ラウンド5: 世代別・ライフスタイル別の最適解,note.com
段階7: G5. シニア層向けの最適プラン調査: 60歳以上のユーザーに適したプランを明確にする,https://review.kakaku.com/review/M0000000914/,"**1. シニア層のデジタル利用状況（総務省 令和3年版 情報通信白書より）**
*   **スマートフォン・タブレット利用率**: 60～69歳で73.4%、70歳以上で40.8%にとどまり、世代間格差が大きい（内閣府 2020年調査）。
*   **デジタルを利用しない理由（70歳以上）**: ...",段階8ラウンド5: 世代別・ライフスタイル別の最適解,review.kakaku.com
段階7: H1. 満足度調査: UQモバイルとahamoの利用者満足度を把握する,https://japan.jdpower.com/ja/press-releases/2025_Japan_Mobile_Phone_Service_Satisfaction_Study,"**1. 顧客満足度調査（J.D.パワー 2025年携帯電話サービス顧客満足度調査）**
*   **UQ mobile:** バリューキャリア部門でY!mobileと同率**第1位**（645ポイント）。評価ファクター別では「提供端末」と「手続き・サポート対応」で最高評価。
*   **ahamo...",段階8ラウンド6: 実際の利用者の生の声,japan.jdpower.com
段階7: H1. 満足度調査: UQモバイルとahamoの利用者満足度を把握する,https://mmdlabo.jp/investigation/detail_2491.html,"**1. 顧客満足度調査（J.D.パワー 2025年携帯電話サービス顧客満足度調査）**
*   **UQ mobile:** バリューキャリア部門でY!mobileと同率**第1位**（645ポイント）。評価ファクター別では「提供端末」と「手続き・サポート対応」で最高評価。
*   **ahamo...",段階8ラウンド6: 実際の利用者の生の声,mmdlabo.jp
段階7: H1. 満足度調査: UQモバイルとahamoの利用者満足度を把握する,https://phonet.jp/colum/ahamo-uqmobile-comparison/,"**1. 顧客満足度調査（J.D.パワー 2025年携帯電話サービス顧客満足度調査）**
*   **UQ mobile:** バリューキャリア部門でY!mobileと同率**第1位**（645ポイント）。評価ファクター別では「提供端末」と「手続き・サポート対応」で最高評価。
*   **ahamo...",段階8ラウンド6: 実際の利用者の生の声,phonet.jp
段階7: H1. 満足度調査: UQモバイルとahamoの利用者満足度を把握する,https://simchange.jp/post-202356/,"**1. 顧客満足度調査（J.D.パワー 2025年携帯電話サービス顧客満足度調査）**
*   **UQ mobile:** バリューキャリア部門でY!mobileと同率**第1位**（645ポイント）。評価ファクター別では「提供端末」と「手続き・サポート対応」で最高評価。
*   **ahamo...",段階8ラウンド6: 実際の利用者の生の声,simchange.jp
段階7: H3. 乗り換え理由調査: UQモバイルからahamoへ、またはahamoからUQモバイルへ乗り換えた人の理由を把握する,https://selectra.jp/telecom/mobile/uqmobile-vs-ahamo,"**UQモバイルとahamoのサービス比較（客観的情報）**

| 項目 | UQモバイル（auサブブランド） | ahamo（ドコモ格安プラン） |
| :--- | :--- | :--- |
| **基本料金/容量** | トクトクプラン2（〜30GB）：4,048円（割引適用で2,728円）...",段階8ラウンド4: 乗り換えの手間とリスク,selectra.jp
段階7: H3. 乗り換え理由調査: UQモバイルからahamoへ、またはahamoからUQモバイルへ乗り換えた人の理由を把握する,https://my-best.com/articles/2732,"**UQモバイルとahamoのサービス比較（客観的情報）**

| 項目 | UQモバイル（auサブブランド） | ahamo（ドコモ格安プラン） |
| :--- | :--- | :--- |
| **基本料金/容量** | トクトクプラン2（〜30GB）：4,048円（割引適用で2,728円）...",段階8ラウンド4: 乗り換えの手間とリスク,my-best.com
段階7: H3. 乗り換え理由調査: UQモバイルからahamoへ、またはahamoからUQモバイルへ乗り換えた人の理由を把握する,https://my-best.com/articles/2727,"**UQモバイルとahamoのサービス比較（客観的情報）**

| 項目 | UQモバイル（auサブブランド） | ahamo（ドコモ格安プラン） |
| :--- | :--- | :--- |
| **基本料金/容量** | トクトクプラン2（〜30GB）：4,048円（割引適用で2,728円）...",段階8ラウンド4: 乗り換えの手間とリスク,my-best.com
段階7: A3. 解約時のコスト比較: 解約手数料、MNP転出手数料、SIMカード返却の必要性など、解約時のコストを明確にする,https://selectra.jp/telecom/mobile/cancellation-fee,"**1. 解約手数料（違約金）**
*   **大手キャリア（ドコモ、au、ソフトバンク）:** 従来の高額な違約金（約10,000円）は原則撤廃されている。ただし、端末転売対策として、**短期解約（主に1年以内）**や利用実態のない契約に対しては、**1,100円（税込）程度の契約解除料**が発生...",段階8ラウンド1: 料金体系の本質的な違い,selectra.jp
段階7: A3. 解約時のコスト比較: 解約手数料、MNP転出手数料、SIMカード返却の必要性など、解約時のコストを明確にする,https://book.mynavi.jp/ashita_magazine/sim-minimumcontract/,"**1. 解約手数料（違約金）**
*   **大手キャリア（ドコモ、au、ソフトバンク）:** 従来の高額な違約金（約10,000円）は原則撤廃されている。ただし、端末転売対策として、**短期解約（主に1年以内）**や利用実態のない契約に対しては、**1,100円（税込）程度の契約解除料**が発生...",段階8ラウンド1: 料金体系の本質的な違い,book.mynavi.jp
段階7: A3. 解約時のコスト比較: 解約手数料、MNP転出手数料、SIMカード返却の必要性など、解約時のコストを明確にする,https://rokemoba.com/smartphone/kakuasusim-kaiyakukinn/,"**1. 解約手数料（違約金）**
*   **大手キャリア（ドコモ、au、ソフトバンク）:** 従来の高額な違約金（約10,000円）は原則撤廃されている。ただし、端末転売対策として、**短期解約（主に1年以内）**や利用実態のない契約に対しては、**1,100円（税込）程度の契約解除料**が発生...",段階8ラウンド1: 料金体系の本質的な違い,rokemoba.com
段階7: A3. 解約時のコスト比較: 解約手数料、MNP転出手数料、SIMカード返却の必要性など、解約時のコストを明確にする,https://www.gov-online.go.jp/useful/article/202107/1.html,"**1. 解約手数料（違約金）**
*   **大手キャリア（ドコモ、au、ソフトバンク）:** 従来の高額な違約金（約10,000円）は原則撤廃されている。ただし、端末転売対策として、**短期解約（主に1年以内）**や利用実態のない契約に対しては、**1,100円（税込）程度の契約解除料**が発生...",段階8ラウンド1: 料金体系の本質的な違い,www.gov-online.go.jp
段階7: A3. 解約時のコスト比較: 解約手数料、MNP転出手数料、SIMカード返却の必要性など、解約時のコストを明確にする,https://www.iid.co.jp/contents-Internet/administrative-fee-free/,"**1. 解約手数料（違約金）**
*   **大手キャリア（ドコモ、au、ソフトバンク）:** 従来の高額な違約金（約10,000円）は原則撤廃されている。ただし、端末転売対策として、**短期解約（主に1年以内）**や利用実態のない契約に対しては、**1,100円（税込）程度の契約解除料**が発生...",段階8ラウンド1: 料金体系の本質的な違い,www.iid.co.jp
段階7: A3. 解約時のコスト比較: 解約手数料、MNP転出手数料、SIMカード返却の必要性など、解約時のコストを明確にする,https://kakuyasu-sim.jp/sim-return-penalty,"**1. 解約手数料（違約金）**
*   **大手キャリア（ドコモ、au、ソフトバンク）:** 従来の高額な違約金（約10,000円）は原則撤廃されている。ただし、端末転売対策として、**短期解約（主に1年以内）**や利用実態のない契約に対しては、**1,100円（税込）程度の契約解除料**が発生...",段階8ラウンド1: 料金体系の本質的な違い,kakuyasu-sim.jp
段階7: A3. 解約時のコスト比較: 解約手数料、MNP転出手数料、SIMカード返却の必要性など、解約時のコストを明確にする,https://esim.holafly.com/ja/sim-card/sim-card-disposal/,"**1. 解約手数料（違約金）**
*   **大手キャリア（ドコモ、au、ソフトバンク）:** 従来の高額な違約金（約10,000円）は原則撤廃されている。ただし、端末転売対策として、**短期解約（主に1年以内）**や利用実態のない契約に対しては、**1,100円（税込）程度の契約解除料**が発生...",段階8ラウンド1: 料金体系の本質的な違い,esim.holafly.com
段階7: A3. 解約時のコスト比較: 解約手数料、MNP転出手数料、SIMカード返却の必要性など、解約時のコストを明確にする,https://totomaga.com/keitai-carrier-iyakukin-mondai/,"**1. 解約手数料（違約金）**
*   **大手キャリア（ドコモ、au、ソフトバンク）:** 従来の高額な違約金（約10,000円）は原則撤廃されている。ただし、端末転売対策として、**短期解約（主に1年以内）**や利用実態のない契約に対しては、**1,100円（税込）程度の契約解除料**が発生...",段階8ラウンド1: 料金体系の本質的な違い,totomaga.com
段階7: A3. 解約時のコスト比較: 解約手数料、MNP転出手数料、SIMカード返却の必要性など、解約時のコストを明確にする,https://my-best.com/25773,"**1. 解約手数料（違約金）**
*   **大手キャリア（ドコモ、au、ソフトバンク）:** 従来の高額な違約金（約10,000円）は原則撤廃されている。ただし、端末転売対策として、**短期解約（主に1年以内）**や利用実態のない契約に対しては、**1,100円（税込）程度の契約解除料**が発生...",段階8ラウンド1: 料金体系の本質的な違い,my-best.com
段階7: A3. 解約時のコスト比較: 解約手数料、MNP転出手数料、SIMカード返却の必要性など、解約時のコストを明確にする,https://bbs.kakaku.com/bbs/-/SortID=19793427/,"**1. 解約手数料（違約金）**
*   **大手キャリア（ドコモ、au、ソフトバンク）:** 従来の高額な違約金（約10,000円）は原則撤廃されている。ただし、端末転売対策として、**短期解約（主に1年以内）**や利用実態のない契約に対しては、**1,100円（税込）程度の契約解除料**が発生...",段階8ラウンド1: 料金体系の本質的な違い,bbs.kakaku.com
段階7: A3. 解約時のコスト比較: 解約手数料、MNP転出手数料、SIMカード返却の必要性など、解約時のコストを明確にする,https://afi5240.xsrv.jp/internet-rakuten-sim-return,"**1. 解約手数料（違約金）**
*   **大手キャリア（ドコモ、au、ソフトバンク）:** 従来の高額な違約金（約10,000円）は原則撤廃されている。ただし、端末転売対策として、**短期解約（主に1年以内）**や利用実態のない契約に対しては、**1,100円（税込）程度の契約解除料**が発生...",段階8ラウンド1: 料金体系の本質的な違い,afi5240.xsrv.jp
段階7: A3. 解約時のコスト比較: 解約手数料、MNP転出手数料、SIMカード返却の必要性など、解約時のコストを明確にする,https://king.mineo.jp/reports/261073,"**1. 解約手数料（違約金）**
*   **大手キャリア（ドコモ、au、ソフトバンク）:** 従来の高額な違約金（約10,000円）は原則撤廃されている。ただし、端末転売対策として、**短期解約（主に1年以内）**や利用実態のない契約に対しては、**1,100円（税込）程度の契約解除料**が発生...",段階8ラウンド1: 料金体系の本質的な違い,king.mineo.jp
段階7: A4. オプション料金の比較: 留守番電話、キャッチホン、国際電話など、オプションサービスの料金を比較する,https://kakakumag.com/pc-smartphone/?id=21119,"**留守番電話・キャッチホン**

主要な携帯電話キャリア（ドコモ、au、ソフトバンクなど）におけるオプションサービスの単体料金は、以下の水準でほぼ共通している。
*   **留守番電話サービス:** 月額330円（税込）
*   **キャッチホン（割込通話）サービス:** 月額220円（税込）

...",段階8ラウンド1: 料金体系の本質的な違い,kakakumag.com
段階7: A4. オプション料金の比較: 留守番電話、キャッチホン、国際電話など、オプションサービスの料金を比較する,https://saas.imitsu.jp/cate-ip-phone/article/h-1867,"**留守番電話・キャッチホン**

主要な携帯電話キャリア（ドコモ、au、ソフトバンクなど）におけるオプションサービスの単体料金は、以下の水準でほぼ共通している。
*   **留守番電話サービス:** 月額330円（税込）
*   **キャッチホン（割込通話）サービス:** 月額220円（税込）

...",段階8ラウンド1: 料金体系の本質的な違い,saas.imitsu.jp
段階7: A4. オプション料金の比較: 留守番電話、キャッチホン、国際電話など、オプションサービスの料金を比較する,https://simsetsu.com/kakuyasusim-rusuden/,"**留守番電話・キャッチホン**

主要な携帯電話キャリア（ドコモ、au、ソフトバンクなど）におけるオプションサービスの単体料金は、以下の水準でほぼ共通している。
*   **留守番電話サービス:** 月額330円（税込）
*   **キャッチホン（割込通話）サービス:** 月額220円（税込）

...",段階8ラウンド1: 料金体系の本質的な違い,simsetsu.com
段階7: A4. オプション料金の比較: 留守番電話、キャッチホン、国際電話など、オプションサービスの料金を比較する,https://detail.chiebukuro.yahoo.co.jp/qa/question_detail/q1418698799,"**留守番電話・キャッチホン**

主要な携帯電話キャリア（ドコモ、au、ソフトバンクなど）におけるオプションサービスの単体料金は、以下の水準でほぼ共通している。
*   **留守番電話サービス:** 月額330円（税込）
*   **キャッチホン（割込通話）サービス:** 月額220円（税込）

...",段階8ラウンド1: 料金体系の本質的な違い,detail.chiebukuro.yahoo.co.jp
段階7: A4. オプション料金の比較: 留守番電話、キャッチホン、国際電話など、オプションサービスの料金を比較する,https://digital-plus.co.jp/mobile/ahamo-call-fee/,"**留守番電話・キャッチホン**

主要な携帯電話キャリア（ドコモ、au、ソフトバンクなど）におけるオプションサービスの単体料金は、以下の水準でほぼ共通している。
*   **留守番電話サービス:** 月額330円（税込）
*   **キャッチホン（割込通話）サービス:** 月額220円（税込）

...",段階8ラウンド1: 料金体系の本質的な違い,digital-plus.co.jp
段階7: A4. オプション料金の比較: 留守番電話、キャッチホン、国際電話など、オプションサービスの料金を比較する,https://app-liv.jp/sns/phone/3338/,"**留守番電話・キャッチホン**

主要な携帯電話キャリア（ドコモ、au、ソフトバンクなど）におけるオプションサービスの単体料金は、以下の水準でほぼ共通している。
*   **留守番電話サービス:** 月額330円（税込）
*   **キャッチホン（割込通話）サービス:** 月額220円（税込）

...",段階8ラウンド1: 料金体系の本質的な違い,app-liv.jp
段階7: A4. オプション料金の比較: 留守番電話、キャッチホン、国際電話など、オプションサービスの料金を比較する,https://note.com/sakusha/n/n9e04ac3a06c2,"**留守番電話・キャッチホン**

主要な携帯電話キャリア（ドコモ、au、ソフトバンクなど）におけるオプションサービスの単体料金は、以下の水準でほぼ共通している。
*   **留守番電話サービス:** 月額330円（税込）
*   **キャッチホン（割込通話）サービス:** 月額220円（税込）

...",段階8ラウンド1: 料金体系の本質的な違い,note.com
段階7: A4. オプション料金の比較: 留守番電話、キャッチホン、国際電話など、オプションサービスの料金を比較する,https://esimdb.com/ja/blog/skype-alternatives-for-international-calls/,"**留守番電話・キャッチホン**

主要な携帯電話キャリア（ドコモ、au、ソフトバンクなど）におけるオプションサービスの単体料金は、以下の水準でほぼ共通している。
*   **留守番電話サービス:** 月額330円（税込）
*   **キャッチホン（割込通話）サービス:** 月額220円（税込）

...",段階8ラウンド1: 料金体系の本質的な違い,esimdb.com
段階7: A4. オプション料金の比較: 留守番電話、キャッチホン、国際電話など、オプションサービスの料金を比較する,https://ameblo.jp/drippingofpoison/entry-12896529002,"**留守番電話・キャッチホン**

主要な携帯電話キャリア（ドコモ、au、ソフトバンクなど）におけるオプションサービスの単体料金は、以下の水準でほぼ共通している。
*   **留守番電話サービス:** 月額330円（税込）
*   **キャッチホン（割込通話）サービス:** 月額220円（税込）

...",段階8ラウンド1: 料金体系の本質的な違い,ameblo.jp
段階7: A4. オプション料金の比較: 留守番電話、キャッチホン、国際電話など、オプションサービスの料金を比較する,https://king.mineo.jp/reports/127946,"**留守番電話・キャッチホン**

主要な携帯電話キャリア（ドコモ、au、ソフトバンクなど）におけるオプションサービスの単体料金は、以下の水準でほぼ共通している。
*   **留守番電話サービス:** 月額330円（税込）
*   **キャッチホン（割込通話）サービス:** 月額220円（税込）

...",段階8ラウンド1: 料金体系の本質的な違い,king.mineo.jp
段階7: A7. 端末購入時の割引比較: 端末を同時購入する場合、どちらがお得かを明確にする,https://www.nicosuma.com/magazine/device-purchase-program,"**1. 端末購入プログラムの比較（客観的情報）**

大手キャリア4社は、端末を一定期間後に返却することで、残りの機種代金（残価）の支払いが免除される「端末購入プログラム」を提供している。

| キャリア | プログラム名 | 方式 | 分割回数 | 実質負担額の傾向 |
| :--- | :--...",段階8のディスカッション全体に関連（調査結果として活用）,www.nicosuma.com
段階7: A7. 端末購入時の割引比較: 端末を同時購入する場合、どちらがお得かを明確にする,https://phone-cierge.com/docomo-itsudemo-kaedoki-program-yattemita/,"**1. 端末購入プログラムの比較（客観的情報）**

大手キャリア4社は、端末を一定期間後に返却することで、残りの機種代金（残価）の支払いが免除される「端末購入プログラム」を提供している。

| キャリア | プログラム名 | 方式 | 分割回数 | 実質負担額の傾向 |
| :--- | :--...",段階8のディスカッション全体に関連（調査結果として活用）,phone-cierge.com
段階7: A7. 端末購入時の割引比較: 端末を同時購入する場合、どちらがお得かを明確にする,https://xn--auso-net-h53gmnzi.com/media/docomo-itsudemokaedoki-program-reputation/,"**1. 端末購入プログラムの比較（客観的情報）**

大手キャリア4社は、端末を一定期間後に返却することで、残りの機種代金（残価）の支払いが免除される「端末購入プログラム」を提供している。

| キャリア | プログラム名 | 方式 | 分割回数 | 実質負担額の傾向 |
| :--- | :--...",段階8のディスカッション全体に関連（調査結果として活用）,xn--auso-net-h53gmnzi.com
段階7: A7. 端末購入時の割引比較: 端末を同時購入する場合、どちらがお得かを明確にする,https://www.showcase-tv.com/mobile/au-sumaho-tokusuru-program/,"**1. 端末購入プログラムの比較（客観的情報）**

大手キャリア4社は、端末を一定期間後に返却することで、残りの機種代金（残価）の支払いが免除される「端末購入プログラム」を提供している。

| キャリア | プログラム名 | 方式 | 分割回数 | 実質負担額の傾向 |
| :--- | :--...",段階8のディスカッション全体に関連（調査結果として活用）,www.showcase-tv.com
段階7: B4. 5G対応の実態比較: 5G対応エリアでの実測速度と、4Gとの違いを明確にする,https://ictr.co.jp/report/20230727.html/,【理論上の速度】\n4Gの最大通信速度は下り最大1Gbps程度であるのに対し、5Gは下り最大20Gbps、上り最大10Gbpsと、理論上は4Gの10倍から20倍以上の速度が可能です（ahamo、mobacre、NTT Docomo SSW）。\n【実測値の比較】\nICT総研が2023年7月に山手線...,段階8ラウンド2: 通信品質の実態,ictr.co.jp
段階7: B4. 5G対応の実態比較: 5G対応エリアでの実測速度と、4Gとの違いを明確にする,https://ahamo.com/column/column29/index.html,【理論上の速度】\n4Gの最大通信速度は下り最大1Gbps程度であるのに対し、5Gは下り最大20Gbps、上り最大10Gbpsと、理論上は4Gの10倍から20倍以上の速度が可能です（ahamo、mobacre、NTT Docomo SSW）。\n【実測値の比較】\nICT総研が2023年7月に山手線...,段階8ラウンド2: 通信品質の実態,ahamo.com
段階7: B4. 5G対応の実態比較: 5G対応エリアでの実測速度と、4Gとの違いを明確にする,https://mobacre.jp/column/3g4g5g_difference/,【理論上の速度】\n4Gの最大通信速度は下り最大1Gbps程度であるのに対し、5Gは下り最大20Gbps、上り最大10Gbpsと、理論上は4Gの10倍から20倍以上の速度が可能です（ahamo、mobacre、NTT Docomo SSW）。\n【実測値の比較】\nICT総研が2023年7月に山手線...,段階8ラウンド2: 通信品質の実態,mobacre.jp
段階7: B4. 5G対応の実態比較: 5G対応エリアでの実測速度と、4Gとの違いを明確にする,https://nttdocomo-ssw.com/nssw/dhkr/ouchinetpress/communication/article448/,【理論上の速度】\n4Gの最大通信速度は下り最大1Gbps程度であるのに対し、5Gは下り最大20Gbps、上り最大10Gbpsと、理論上は4Gの10倍から20倍以上の速度が可能です（ahamo、mobacre、NTT Docomo SSW）。\n【実測値の比較】\nICT総研が2023年7月に山手線...,段階8ラウンド2: 通信品質の実態,nttdocomo-ssw.com
段階7: B4. 5G対応の実態比較: 5G対応エリアでの実測速度と、4Gとの違いを明確にする,https://emeao.jp/ikkatsu-column/4g_vs_5g_guide/,【理論上の速度】\n4Gの最大通信速度は下り最大1Gbps程度であるのに対し、5Gは下り最大20Gbps、上り最大10Gbpsと、理論上は4Gの10倍から20倍以上の速度が可能です（ahamo、mobacre、NTT Docomo SSW）。\n【実測値の比較】\nICT総研が2023年7月に山手線...,段階8ラウンド2: 通信品質の実態,emeao.jp
段階7: B4. 5G対応の実態比較: 5G対応エリアでの実測速度と、4Gとの違いを明確にする,https://note.com/aquos_wish456/n/n2383e9b0959a,【理論上の速度】\n4Gの最大通信速度は下り最大1Gbps程度であるのに対し、5Gは下り最大20Gbps、上り最大10Gbpsと、理論上は4Gの10倍から20倍以上の速度が可能です（ahamo、mobacre、NTT Docomo SSW）。\n【実測値の比較】\nICT総研が2023年7月に山手線...,段階8ラウンド2: 通信品質の実態,note.com
段階7: B4. 5G対応の実態比較: 5G対応エリアでの実測速度と、4Gとの違いを明確にする,https://bbs.kakaku.com/bbs/-/SortID=24953241/,【理論上の速度】\n4Gの最大通信速度は下り最大1Gbps程度であるのに対し、5Gは下り最大20Gbps、上り最大10Gbpsと、理論上は4Gの10倍から20倍以上の速度が可能です（ahamo、mobacre、NTT Docomo SSW）。\n【実測値の比較】\nICT総研が2023年7月に山手線...,段階8ラウンド2: 通信品質の実態,bbs.kakaku.com
段階7: B4. 5G対応の実態比較: 5G対応エリアでの実測速度と、4Gとの違いを明確にする,https://www.uqwimax.jp/mobile/gimon/5g_communicationspeed/,【理論上の速度】\n4Gの最大通信速度は下り最大1Gbps程度であるのに対し、5Gは下り最大20Gbps、上り最大10Gbpsと、理論上は4Gの10倍から20倍以上の速度が可能です（ahamo、mobacre、NTT Docomo SSW）。\n【実測値の比較】\nICT総研が2023年7月に山手線...,段階8ラウンド2: 通信品質の実態,www.uqwimax.jp
段階7: B4. 5G対応の実態比較: 5G対応エリアでの実測速度と、4Gとの違いを明確にする,https://dime.jp/genre/1442805/,【理論上の速度】\n4Gの最大通信速度は下り最大1Gbps程度であるのに対し、5Gは下り最大20Gbps、上り最大10Gbpsと、理論上は4Gの10倍から20倍以上の速度が可能です（ahamo、mobacre、NTT Docomo SSW）。\n【実測値の比較】\nICT総研が2023年7月に山手線...,段階8ラウンド2: 通信品質の実態,dime.jp
段階7: B4. 5G対応の実態比較: 5G対応エリアでの実測速度と、4Gとの違いを明確にする,https://appllio.com/5g-usability-review,【理論上の速度】\n4Gの最大通信速度は下り最大1Gbps程度であるのに対し、5Gは下り最大20Gbps、上り最大10Gbpsと、理論上は4Gの10倍から20倍以上の速度が可能です（ahamo、mobacre、NTT Docomo SSW）。\n【実測値の比較】\nICT総研が2023年7月に山手線...,段階8ラウンド2: 通信品質の実態,appllio.com
段階7: B5. 地域別のエリアカバー率比較: 都道府県別、都市部・地方別のエリアカバー率を比較する,https://www.soumu.go.jp/menu_news/s-news/01kiban14_02000731.html,"総務省の「5Gの整備状況（令和6年度末）の公表」によると、令和6年度末（2024年度末）における**全国の5G人口カバー率は98.4%**に達している。

*   **都道府県別の5G人口カバー率**は、**88.4%から99.9%**の範囲でばらつきがある（2024年度末時点）。この数値の幅は、都...",段階8のディスカッション全体に関連（調査結果として活用）,www.soumu.go.jp
段階7: B5. 地域別のエリアカバー率比較: 都道府県別、都市部・地方別のエリアカバー率を比較する,https://www.soumu.go.jp/main_content/001030453.pdf,"総務省の「5Gの整備状況（令和6年度末）の公表」によると、令和6年度末（2024年度末）における**全国の5G人口カバー率は98.4%**に達している。

*   **都道府県別の5G人口カバー率**は、**88.4%から99.9%**の範囲でばらつきがある（2024年度末時点）。この数値の幅は、都...",段階8のディスカッション全体に関連（調査結果として活用）,www.soumu.go.jp
段階7: B5. 地域別のエリアカバー率比較: 都道府県別、都市部・地方別のエリアカバー率を比較する,https://www.opensignal.com/jp/reports/2025/04/japan/mobile-network-experience,"総務省の「5Gの整備状況（令和6年度末）の公表」によると、令和6年度末（2024年度末）における**全国の5G人口カバー率は98.4%**に達している。

*   **都道府県別の5G人口カバー率**は、**88.4%から99.9%**の範囲でばらつきがある（2024年度末時点）。この数値の幅は、都...",段階8のディスカッション全体に関連（調査結果として活用）,www.opensignal.com
段階7: B5. 地域別のエリアカバー率比較: 都道府県別、都市部・地方別のエリアカバー率を比較する,https://www.opensignal.com/2025/05/07/our-ntt-docomo-users-see-the-most-resilient-network-experience-in-rural-parts-of-japan-jp/dt,"総務省の「5Gの整備状況（令和6年度末）の公表」によると、令和6年度末（2024年度末）における**全国の5G人口カバー率は98.4%**に達している。

*   **都道府県別の5G人口カバー率**は、**88.4%から99.9%**の範囲でばらつきがある（2024年度末時点）。この数値の幅は、都...",段階8のディスカッション全体に関連（調査結果として活用）,www.opensignal.com
段階7: B5. 地域別のエリアカバー率比較: 都道府県別、都市部・地方別のエリアカバー率を比較する,https://office110.jp/business-mobile/knowledge/application/carrier/,"総務省の「5Gの整備状況（令和6年度末）の公表」によると、令和6年度末（2024年度末）における**全国の5G人口カバー率は98.4%**に達している。

*   **都道府県別の5G人口カバー率**は、**88.4%から99.9%**の範囲でばらつきがある（2024年度末時点）。この数値の幅は、都...",段階8のディスカッション全体に関連（調査結果として活用）,office110.jp
段階7: B5. 地域別のエリアカバー率比較: 都道府県別、都市部・地方別のエリアカバー率を比較する,https://dinomo.jp/mobile/rakuten-mobile-inaka/,"総務省の「5Gの整備状況（令和6年度末）の公表」によると、令和6年度末（2024年度末）における**全国の5G人口カバー率は98.4%**に達している。

*   **都道府県別の5G人口カバー率**は、**88.4%から99.9%**の範囲でばらつきがある（2024年度末時点）。この数値の幅は、都...",段階8のディスカッション全体に関連（調査結果として活用）,dinomo.jp
段階7: B5. 地域別のエリアカバー率比較: 都道府県別、都市部・地方別のエリアカバー率を比較する,https://scan.netsecurity.ne.jp/internet/hikaku-docomoausoftbank/,"総務省の「5Gの整備状況（令和6年度末）の公表」によると、令和6年度末（2024年度末）における**全国の5G人口カバー率は98.4%**に達している。

*   **都道府県別の5G人口カバー率**は、**88.4%から99.9%**の範囲でばらつきがある（2024年度末時点）。この数値の幅は、都...",段階8のディスカッション全体に関連（調査結果として活用）,scan.netsecurity.ne.jp
段階7: B6. 地下・建物内での繋がりやすさ比較: 地下鉄、地下街、高層ビルなどでの繋がりやすさを比較する,https://office110.jp/business-mobile/knowledge/application/carrier/,"**1. プラチナバンド（低周波数帯）の重要性**
地下や屋内での電波の浸透性を高めるには、700MHz〜900MHz帯の「プラチナバンド」が不可欠である。主要3キャリア（ドコモ、au、ソフトバンク）はこの周波数帯を使用しており、楽天モバイルも2023年10月に700MHz帯を取得し、屋内・地下対策...",段階8のディスカッション全体に関連（調査結果として活用）,office110.jp
段階7: B6. 地下・建物内での繋がりやすさ比較: 地下鉄、地下街、高層ビルなどでの繋がりやすさを比較する,https://www.correc.co.jp/internet-kyokasho/rakuten-mobile-platinum/,"**1. プラチナバンド（低周波数帯）の重要性**
地下や屋内での電波の浸透性を高めるには、700MHz〜900MHz帯の「プラチナバンド」が不可欠である。主要3キャリア（ドコモ、au、ソフトバンク）はこの周波数帯を使用しており、楽天モバイルも2023年10月に700MHz帯を取得し、屋内・地下対策...",段階8のディスカッション全体に関連（調査結果として活用）,www.correc.co.jp
段階7: B6. 地下・建物内での繋がりやすさ比較: 地下鉄、地下街、高層ビルなどでの繋がりやすさを比較する,https://www.soumu.go.jp/main_content/001027160.pdf,"**1. プラチナバンド（低周波数帯）の重要性**
地下や屋内での電波の浸透性を高めるには、700MHz〜900MHz帯の「プラチナバンド」が不可欠である。主要3キャリア（ドコモ、au、ソフトバンク）はこの周波数帯を使用しており、楽天モバイルも2023年10月に700MHz帯を取得し、屋内・地下対策...",段階8のディスカッション全体に関連（調査結果として活用）,www.soumu.go.jp
段階7: B6. 地下・建物内での繋がりやすさ比較: 地下鉄、地下街、高層ビルなどでの繋がりやすさを比較する,https://buzzap.jp/news/20250920-docomo-au-softbank-rakuten-mobile-5g-network-shinjuku/,"**1. プラチナバンド（低周波数帯）の重要性**
地下や屋内での電波の浸透性を高めるには、700MHz〜900MHz帯の「プラチナバンド」が不可欠である。主要3キャリア（ドコモ、au、ソフトバンク）はこの周波数帯を使用しており、楽天モバイルも2023年10月に700MHz帯を取得し、屋内・地下対策...",段階8のディスカッション全体に関連（調査結果として活用）,buzzap.jp
段階7: B6. 地下・建物内での繋がりやすさ比較: 地下鉄、地下街、高層ビルなどでの繋がりやすさを比較する,https://note.com/ore_ikitai/n/n92c2cb676db6,"**1. プラチナバンド（低周波数帯）の重要性**
地下や屋内での電波の浸透性を高めるには、700MHz〜900MHz帯の「プラチナバンド」が不可欠である。主要3キャリア（ドコモ、au、ソフトバンク）はこの周波数帯を使用しており、楽天モバイルも2023年10月に700MHz帯を取得し、屋内・地下対策...",段階8のディスカッション全体に関連（調査結果として活用）,note.com
段階7: B6. 地下・建物内での繋がりやすさ比較: 地下鉄、地下街、高層ビルなどでの繋がりやすさを比較する,https://tower-condominium.com/smartphone-good-company/,"**1. プラチナバンド（低周波数帯）の重要性**
地下や屋内での電波の浸透性を高めるには、700MHz〜900MHz帯の「プラチナバンド」が不可欠である。主要3キャリア（ドコモ、au、ソフトバンク）はこの周波数帯を使用しており、楽天モバイルも2023年10月に700MHz帯を取得し、屋内・地下対策...",段階8のディスカッション全体に関連（調査結果として活用）,tower-condominium.com
段階7: B7. 山間部・離島での繋がりやすさ比較: 登山、キャンプ、釣りなど、アウトドア活動での繋がりやすさを比較する,https://office110.jp/business-mobile/knowledge/application/carrier/,"**キャリア別エリアカバレッジ（客観的情報）**

*   **NTTドコモ**: 長年の実績と基地局数の多さから、山間部や離島を含む全国広域で安定した通信環境を提供していると評価されています。公式ウェブサイトでは、携帯電話が利用可能な登山道の情報を地域別に公開しており、山岳地帯への積極的なインフラ...",段階8のディスカッション全体に関連（調査結果として活用）,office110.jp
段階7: B7. 山間部・離島での繋がりやすさ比較: 登山、キャンプ、釣りなど、アウトドア活動での繋がりやすさを比較する,https://www.docomo.ne.jp/area/service_area/mountains/,"**キャリア別エリアカバレッジ（客観的情報）**

*   **NTTドコモ**: 長年の実績と基地局数の多さから、山間部や離島を含む全国広域で安定した通信環境を提供していると評価されています。公式ウェブサイトでは、携帯電話が利用可能な登山道の情報を地域別に公開しており、山岳地帯への積極的なインフラ...",段階8のディスカッション全体に関連（調査結果として活用）,www.docomo.ne.jp
段階7: B7. 山間部・離島での繋がりやすさ比較: 登山、キャンプ、釣りなど、アウトドア活動での繋がりやすさを比較する,https://www.au.com/mobile/area/mountain/,"**キャリア別エリアカバレッジ（客観的情報）**

*   **NTTドコモ**: 長年の実績と基地局数の多さから、山間部や離島を含む全国広域で安定した通信環境を提供していると評価されています。公式ウェブサイトでは、携帯電話が利用可能な登山道の情報を地域別に公開しており、山岳地帯への積極的なインフラ...",段階8のディスカッション全体に関連（調査結果として活用）,www.au.com
段階7: B7. 山間部・離島での繋がりやすさ比較: 登山、キャンプ、釣りなど、アウトドア活動での繋がりやすさを比較する,https://mobile-otaku.com/sankanbu/,"**キャリア別エリアカバレッジ（客観的情報）**

*   **NTTドコモ**: 長年の実績と基地局数の多さから、山間部や離島を含む全国広域で安定した通信環境を提供していると評価されています。公式ウェブサイトでは、携帯電話が利用可能な登山道の情報を地域別に公開しており、山岳地帯への積極的なインフラ...",段階8のディスカッション全体に関連（調査結果として活用）,mobile-otaku.com
段階7: B7. 山間部・離島での繋がりやすさ比較: 登山、キャンプ、釣りなど、アウトドア活動での繋がりやすさを比較する,https://note.com/gsxferrari/n/n0af6d9268139,"**キャリア別エリアカバレッジ（客観的情報）**

*   **NTTドコモ**: 長年の実績と基地局数の多さから、山間部や離島を含む全国広域で安定した通信環境を提供していると評価されています。公式ウェブサイトでは、携帯電話が利用可能な登山道の情報を地域別に公開しており、山岳地帯への積極的なインフラ...",段階8のディスカッション全体に関連（調査結果として活用）,note.com
段階7: B7. 山間部・離島での繋がりやすさ比較: 登山、キャンプ、釣りなど、アウトドア活動での繋がりやすさを比較する,https://sim-happy.com/mountain-phone/,"**キャリア別エリアカバレッジ（客観的情報）**

*   **NTTドコモ**: 長年の実績と基地局数の多さから、山間部や離島を含む全国広域で安定した通信環境を提供していると評価されています。公式ウェブサイトでは、携帯電話が利用可能な登山道の情報を地域別に公開しており、山岳地帯への積極的なインフラ...",段階8のディスカッション全体に関連（調査結果として活用）,sim-happy.com
段階7: B7. 山間部・離島での繋がりやすさ比較: 登山、キャンプ、釣りなど、アウトドア活動での繋がりやすさを比較する,https://mobiles-sim.com/rakuten-mobile-countryside-reputation/,"**キャリア別エリアカバレッジ（客観的情報）**

*   **NTTドコモ**: 長年の実績と基地局数の多さから、山間部や離島を含む全国広域で安定した通信環境を提供していると評価されています。公式ウェブサイトでは、携帯電話が利用可能な登山道の情報を地域別に公開しており、山岳地帯への積極的なインフラ...",段階8のディスカッション全体に関連（調査結果として活用）,mobiles-sim.com
段階7: C3. テザリング時の制限比較: テザリングでデータを使う場合、速度制限や追加料金があるかを明確にする,https://www.docomo.ne.jp/service/tethering/,"日本の主要携帯電話キャリアにおけるテザリングの制限（速度制限、追加料金）は、主に以下の通りである。

| キャリア | プランの例 | テザリングのデータ容量制限 | 追加料金（オプション料金） | 速度制限 |
| :--- | :--- | :--- | :--- | :--- |
| **NT...",段階8ラウンド1: 料金体系の本質的な違い,www.docomo.ne.jp
段階7: C3. テザリング時の制限比較: テザリングでデータを使う場合、速度制限や追加料金があるかを明確にする,https://www.au.com/mobile/service/tethering/,"日本の主要携帯電話キャリアにおけるテザリングの制限（速度制限、追加料金）は、主に以下の通りである。

| キャリア | プランの例 | テザリングのデータ容量制限 | 追加料金（オプション料金） | 速度制限 |
| :--- | :--- | :--- | :--- | :--- |
| **NT...",段階8ラウンド1: 料金体系の本質的な違い,www.au.com
段階7: C3. テザリング時の制限比較: テザリングでデータを使う場合、速度制限や追加料金があるかを明確にする,https://www.softbank.jp/mobile/price_plan/options/tethering/,"日本の主要携帯電話キャリアにおけるテザリングの制限（速度制限、追加料金）は、主に以下の通りである。

| キャリア | プランの例 | テザリングのデータ容量制限 | 追加料金（オプション料金） | 速度制限 |
| :--- | :--- | :--- | :--- | :--- |
| **NT...",段階8ラウンド1: 料金体系の本質的な違い,www.softbank.jp
段階7: C3. テザリング時の制限比較: テザリングでデータを使う場合、速度制限や追加料金があるかを明確にする,https://rush-up.co.jp/media/docomo-tethering-plan-comparison-unlimited-guide/,"日本の主要携帯電話キャリアにおけるテザリングの制限（速度制限、追加料金）は、主に以下の通りである。

| キャリア | プランの例 | テザリングのデータ容量制限 | 追加料金（オプション料金） | 速度制限 |
| :--- | :--- | :--- | :--- | :--- |
| **NT...",段階8ラウンド1: 料金体系の本質的な違い,rush-up.co.jp
段階7: C3. テザリング時の制限比較: テザリングでデータを使う場合、速度制限や追加料金があるかを明確にする,https://www.au.com/mobile/charge/smartphone/plan/data-unlimited-plus/,"日本の主要携帯電話キャリアにおけるテザリングの制限（速度制限、追加料金）は、主に以下の通りである。

| キャリア | プランの例 | テザリングのデータ容量制限 | 追加料金（オプション料金） | 速度制限 |
| :--- | :--- | :--- | :--- | :--- |
| **NT...",段階8ラウンド1: 料金体系の本質的な違い,www.au.com
段階7: C3. テザリング時の制限比較: テザリングでデータを使う場合、速度制限や追加料金があるかを明確にする,https://www.softbank.jp/mobile/price_plan/data/merihari-unlimited-plus/,"日本の主要携帯電話キャリアにおけるテザリングの制限（速度制限、追加料金）は、主に以下の通りである。

| キャリア | プランの例 | テザリングのデータ容量制限 | 追加料金（オプション料金） | 速度制限 |
| :--- | :--- | :--- | :--- | :--- |
| **NT...",段階8ラウンド1: 料金体系の本質的な違い,www.softbank.jp
段階7: C3. テザリング時の制限比較: テザリングでデータを使う場合、速度制限や追加料金があるかを明確にする,https://book.mynavi.jp/ashita_magazine/rakutenmobile-tethering/,"日本の主要携帯電話キャリアにおけるテザリングの制限（速度制限、追加料金）は、主に以下の通りである。

| キャリア | プランの例 | テザリングのデータ容量制限 | 追加料金（オプション料金） | 速度制限 |
| :--- | :--- | :--- | :--- | :--- |
| **NT...",段階8ラウンド1: 料金体系の本質的な違い,book.mynavi.jp
段階7: C4. 大容量プランの実用性調査: ahamoの100GBプランが、実際にどのような利用シーンで必要かを明確にする,https://ahamo.com/plan/index.html,"ahamoの「大盛りオプション」は、基本プラン（月額2,970円/30GB）に月額1,980円を追加することで、**合計110GB**（30GB+80GB）のデータ容量を**月額4,950円（税込）**で利用できるサービスである。ahamoのデータ容量は2024年10月1日から30GBに増量されたた...",段階8ラウンド2: 通信品質の実態（データ容量関連）,ahamo.com
段階7: C4. 大容量プランの実用性調査: ahamoの100GBプランが、実際にどのような利用シーンで必要かを明確にする,https://ahamo.com/column/column50/index.html,"ahamoの「大盛りオプション」は、基本プラン（月額2,970円/30GB）に月額1,980円を追加することで、**合計110GB**（30GB+80GB）のデータ容量を**月額4,950円（税込）**で利用できるサービスである。ahamoのデータ容量は2024年10月1日から30GBに増量されたた...",段階8ラウンド2: 通信品質の実態（データ容量関連）,ahamo.com
段階7: C4. 大容量プランの実用性調査: ahamoの100GBプランが、実際にどのような利用シーンで必要かを明確にする,https://ahamo.com/column/column48/index.html,"ahamoの「大盛りオプション」は、基本プラン（月額2,970円/30GB）に月額1,980円を追加することで、**合計110GB**（30GB+80GB）のデータ容量を**月額4,950円（税込）**で利用できるサービスである。ahamoのデータ容量は2024年10月1日から30GBに増量されたた...",段階8ラウンド2: 通信品質の実態（データ容量関連）,ahamo.com
段階7: C4. 大容量プランの実用性調査: ahamoの100GBプランが、実際にどのような利用シーンで必要かを明確にする,https://www.itmedia.co.jp/mobile/articles/2302/24/news084.html,"ahamoの「大盛りオプション」は、基本プラン（月額2,970円/30GB）に月額1,980円を追加することで、**合計110GB**（30GB+80GB）のデータ容量を**月額4,950円（税込）**で利用できるサービスである。ahamoのデータ容量は2024年10月1日から30GBに増量されたた...",段階8ラウンド2: 通信品質の実態（データ容量関連）,www.itmedia.co.jp
段階7: C4. 大容量プランの実用性調査: ahamoの100GBプランが、実際にどのような利用シーンで必要かを明確にする,https://www.itmedia.co.jp/mobile/articles/2302/24/news084_2.html,"ahamoの「大盛りオプション」は、基本プラン（月額2,970円/30GB）に月額1,980円を追加することで、**合計110GB**（30GB+80GB）のデータ容量を**月額4,950円（税込）**で利用できるサービスである。ahamoのデータ容量は2024年10月1日から30GBに増量されたた...",段階8ラウンド2: 通信品質の実態（データ容量関連）,www.itmedia.co.jp
段階7: C4. 大容量プランの実用性調査: ahamoの100GBプランが、実際にどのような利用シーンで必要かを明確にする,https://xn--ipv6-yn4cxgwe959zqrkp58g.com/media/ahamo-oomori/,"ahamoの「大盛りオプション」は、基本プラン（月額2,970円/30GB）に月額1,980円を追加することで、**合計110GB**（30GB+80GB）のデータ容量を**月額4,950円（税込）**で利用できるサービスである。ahamoのデータ容量は2024年10月1日から30GBに増量されたた...",段階8ラウンド2: 通信品質の実態（データ容量関連）,xn--ipv6-yn4cxgwe959zqrkp58g.com
段階7: C4. 大容量プランの実用性調査: ahamoの100GBプランが、実際にどのような利用シーンで必要かを明確にする,https://applipo.ne.jp/app/ahamo-oomori-kotei-kaisen/,"ahamoの「大盛りオプション」は、基本プラン（月額2,970円/30GB）に月額1,980円を追加することで、**合計110GB**（30GB+80GB）のデータ容量を**月額4,950円（税込）**で利用できるサービスである。ahamoのデータ容量は2024年10月1日から30GBに増量されたた...",段階8ラウンド2: 通信品質の実態（データ容量関連）,applipo.ne.jp
段階7: D2. 通話相手の内訳調査: 通話相手（家族、友人、企業のカスタマーサポート、役所など）によって通話時間が異なるかを把握する,https://lineresearch-platform.blog.jp/archives/46718128.html,"*   **友人・家族（若年層）**:
    *   中高生の友人との音声通話（1回あたり）は、**男子**は「**5分未満**」が最も多い（約3割）。
    *   一方、**女子**は「**2時間以上**」が最も多い（約3割）。女子中高生は通話頻度は高くないが、通話時間は男子より長い傾向にあ...",段階8ラウンド1: 料金体系の本質的な違い（通話関連）,lineresearch-platform.blog.jp
段階7: D2. 通話相手の内訳調査: 通話相手（家族、友人、企業のカスタマーサポート、役所など）によって通話時間が異なるかを把握する,https://www.callconnect.jp/blog/149,"*   **友人・家族（若年層）**:
    *   中高生の友人との音声通話（1回あたり）は、**男子**は「**5分未満**」が最も多い（約3割）。
    *   一方、**女子**は「**2時間以上**」が最も多い（約3割）。女子中高生は通話頻度は高くないが、通話時間は男子より長い傾向にあ...",段階8ラウンド1: 料金体系の本質的な違い（通話関連）,www.callconnect.jp
段階7: D2. 通話相手の内訳調査: 通話相手（家族、友人、企業のカスタマーサポート、役所など）によって通話時間が異なるかを把握する,https://www.zendesk.co.jp/blog/average-handle-time/,"*   **友人・家族（若年層）**:
    *   中高生の友人との音声通話（1回あたり）は、**男子**は「**5分未満**」が最も多い（約3割）。
    *   一方、**女子**は「**2時間以上**」が最も多い（約3割）。女子中高生は通話頻度は高くないが、通話時間は男子より長い傾向にあ...",段階8ラウンド1: 料金体系の本質的な違い（通話関連）,www.zendesk.co.jp
段階7: D2. 通話相手の内訳調査: 通話相手（家族、友人、企業のカスタマーサポート、役所など）によって通話時間が異なるかを把握する,https://garbagenews.net/archives/2016751.html,"*   **友人・家族（若年層）**:
    *   中高生の友人との音声通話（1回あたり）は、**男子**は「**5分未満**」が最も多い（約3割）。
    *   一方、**女子**は「**2時間以上**」が最も多い（約3割）。女子中高生は通話頻度は高くないが、通話時間は男子より長い傾向にあ...",段階8ラウンド1: 料金体系の本質的な違い（通話関連）,garbagenews.net
段階7: D2. 通話相手の内訳調査: 通話相手（家族、友人、企業のカスタマーサポート、役所など）によって通話時間が異なるかを把握する,https://king.mineo.jp/reports/289238,"*   **友人・家族（若年層）**:
    *   中高生の友人との音声通話（1回あたり）は、**男子**は「**5分未満**」が最も多い（約3割）。
    *   一方、**女子**は「**2時間以上**」が最も多い（約3割）。女子中高生は通話頻度は高くないが、通話時間は男子より長い傾向にあ...",段階8ラウンド1: 料金体系の本質的な違い（通話関連）,king.mineo.jp
段階7: D3. LINE通話との比較調査: 音声通話とLINE通話の使い分けと、音声通話を使う理由を明確にする,https://news.mynavi.jp/article/20220131-2261624/,"**1. 利用率の傾向（客観データ）**
*   **若年層のLINE通話利用率の高さ:** 10代（89.0%）と20代（86.4%）では、LINE通話の利用率が携帯電話の通常の音声通話（全年代で80%前後）を上回っている。
*   **全年代での利用:** 携帯電話の音声通話機能の利用率は全年代...",段階8ラウンド1: 料金体系の本質的な違い（通話関連）,news.mynavi.jp
段階7: D3. LINE通話との比較調査: 音声通話とLINE通話の使い分けと、音声通話を使う理由を明確にする,https://iroha.corecon.co.jp/post-30353/,"**1. 利用率の傾向（客観データ）**
*   **若年層のLINE通話利用率の高さ:** 10代（89.0%）と20代（86.4%）では、LINE通話の利用率が携帯電話の通常の音声通話（全年代で80%前後）を上回っている。
*   **全年代での利用:** 携帯電話の音声通話機能の利用率は全年代...",段階8ラウンド1: 料金体系の本質的な違い（通話関連）,iroha.corecon.co.jp
段階7: D3. LINE通話との比較調査: 音声通話とLINE通話の使い分けと、音声通話を使う理由を明確にする,https://appllio.com/line-on-call-what-happen,"**1. 利用率の傾向（客観データ）**
*   **若年層のLINE通話利用率の高さ:** 10代（89.0%）と20代（86.4%）では、LINE通話の利用率が携帯電話の通常の音声通話（全年代で80%前後）を上回っている。
*   **全年代での利用:** 携帯電話の音声通話機能の利用率は全年代...",段階8ラウンド1: 料金体系の本質的な違い（通話関連）,appllio.com
段階7: D3. LINE通話との比較調査: 音声通話とLINE通話の使い分けと、音声通話を使う理由を明確にする,https://simkids.jp/article/line-inaudible,"**1. 利用率の傾向（客観データ）**
*   **若年層のLINE通話利用率の高さ:** 10代（89.0%）と20代（86.4%）では、LINE通話の利用率が携帯電話の通常の音声通話（全年代で80%前後）を上回っている。
*   **全年代での利用:** 携帯電話の音声通話機能の利用率は全年代...",段階8ラウンド1: 料金体系の本質的な違い（通話関連）,simkids.jp
段階7: D3. LINE通話との比較調査: 音声通話とLINE通話の使い分けと、音声通話を使う理由を明確にする,https://detail.chiebukuro.yahoo.co.jp/qa/question_detail/q14240830644,"**1. 利用率の傾向（客観データ）**
*   **若年層のLINE通話利用率の高さ:** 10代（89.0%）と20代（86.4%）では、LINE通話の利用率が携帯電話の通常の音声通話（全年代で80%前後）を上回っている。
*   **全年代での利用:** 携帯電話の音声通話機能の利用率は全年代...",段階8ラウンド1: 料金体系の本質的な違い（通話関連）,detail.chiebukuro.yahoo.co.jp
段階7: D4. かけ放題オプションの利用率調査: 実際にかけ放題オプションを追加している人の割合を把握する,https://prtimes.jp/main/html/rd/p/000000027.000010956.html,格安SIM利用者へのオプションに関する2019年のアンケート調査によると、オプション加入者（131件）のうち**45.9％**が「かけ放題」オプションに加入している。これはオプションの中で最も高い割合である。また、「かけ放題」オプション加入者の**86.9%**が実際にそのオプションを利用していると...,段階8ラウンド1: 料金体系の本質的な違い（通話関連）,prtimes.jp
段階7: D5. 60歳以上通話割の実態調査: UQモバイルの「60歳以上通話割」を利用しているシニア層の満足度を把握する,https://www.uqwimax.jp/mobile/plan/discount/over60_talk/,"UQモバイルの「60歳以上通話割」は、60歳以上の利用者を対象とした割引サービスである。

**【特典内容】**
1.  **通話オプション「通話放題」（24時間いつでもかけ放題）の月額料金が1,100円割引**（税込1,980円/月 → **税込880円/月**）。
2.  **メールサービス（月...",段階8ラウンド1: 料金体系の本質的な違い（通話関連）,www.uqwimax.jp
段階7: D5. 60歳以上通話割の実態調査: UQモバイルの「60歳以上通話割」を利用しているシニア層の満足度を把握する,https://xn--ipv6-yn4cxgwe959zqrkp58g.com/media/uq-mobile-senior-demerit/,"UQモバイルの「60歳以上通話割」は、60歳以上の利用者を対象とした割引サービスである。

**【特典内容】**
1.  **通話オプション「通話放題」（24時間いつでもかけ放題）の月額料金が1,100円割引**（税込1,980円/月 → **税込880円/月**）。
2.  **メールサービス（月...",段階8ラウンド1: 料金体系の本質的な違い（通話関連）,xn--ipv6-yn4cxgwe959zqrkp58g.com
段階7: D5. 60歳以上通話割の実態調査: UQモバイルの「60歳以上通話割」を利用しているシニア層の満足度を把握する,https://selectra.jp/telecom/mobile/uqmobile-over-60yo,"UQモバイルの「60歳以上通話割」は、60歳以上の利用者を対象とした割引サービスである。

**【特典内容】**
1.  **通話オプション「通話放題」（24時間いつでもかけ放題）の月額料金が1,100円割引**（税込1,980円/月 → **税込880円/月**）。
2.  **メールサービス（月...",段階8ラウンド1: 料金体系の本質的な違い（通話関連）,selectra.jp
段階7: D5. 60歳以上通話割の実態調査: UQモバイルの「60歳以上通話割」を利用しているシニア層の満足度を把握する,https://minhyo.jp/uqmobile,"UQモバイルの「60歳以上通話割」は、60歳以上の利用者を対象とした割引サービスである。

**【特典内容】**
1.  **通話オプション「通話放題」（24時間いつでもかけ放題）の月額料金が1,100円割引**（税込1,980円/月 → **税込880円/月**）。
2.  **メールサービス（月...",段階8ラウンド1: 料金体系の本質的な違い（通話関連）,minhyo.jp
段階7: E3. トラブル時の対応フロー調査: SIMカードが認識されない、通信速度が遅いなど、具体的なトラブル時の対応フローを明確にする,https://www.linemo.jp/guide/article151/,"**1. SIMカードが認識されない場合の対応フロー（公式手順）**
多くの携帯電話会社（キャリア）の公式サポート情報では、以下の段階的な手順が推奨されている。
1.  **スマホを再起動する**: 一時的なシステム不良を解消。
2.  **SIMカードを抜き差しする**: 接触不良を解消。この際、...",段階8ラウンド2: 通信品質の実態,www.linemo.jp
段階7: E3. トラブル時の対応フロー調査: SIMカードが認識されない、通信速度が遅いなど、具体的なトラブル時の対応フローを明確にする,https://flets-w.com/user/support/solve/improvement/,"**1. SIMカードが認識されない場合の対応フロー（公式手順）**
多くの携帯電話会社（キャリア）の公式サポート情報では、以下の段階的な手順が推奨されている。
1.  **スマホを再起動する**: 一時的なシステム不良を解消。
2.  **SIMカードを抜き差しする**: 接触不良を解消。この際、...",段階8ラウンド2: 通信品質の実態,flets-w.com
段階7: E3. トラブル時の対応フロー調査: SIMカードが認識されない、通信速度が遅いなど、具体的なトラブル時の対応フローを明確にする,https://win-tab.net/misc/sim_card_1805101/,"**1. SIMカードが認識されない場合の対応フロー（公式手順）**
多くの携帯電話会社（キャリア）の公式サポート情報では、以下の段階的な手順が推奨されている。
1.  **スマホを再起動する**: 一時的なシステム不良を解消。
2.  **SIMカードを抜き差しする**: 接触不良を解消。この際、...",段階8ラウンド2: 通信品質の実態,win-tab.net
段階7: E3. トラブル時の対応フロー調査: SIMカードが認識されない、通信速度が遅いなど、具体的なトラブル時の対応フローを明確にする,https://king.mineo.jp/question-answer/%E3%83%87%E3%83%BC%E3%82%BF%E9%80%9A%E4%BF%A1%EF%BC%8F%E9%9F%B3%E5%A3%B0%E9%80%9A%E8%A9%B1/37297,"**1. SIMカードが認識されない場合の対応フロー（公式手順）**
多くの携帯電話会社（キャリア）の公式サポート情報では、以下の段階的な手順が推奨されている。
1.  **スマホを再起動する**: 一時的なシステム不良を解消。
2.  **SIMカードを抜き差しする**: 接触不良を解消。この際、...",段階8ラウンド2: 通信品質の実態,king.mineo.jp
段階7: E3. トラブル時の対応フロー調査: SIMカードが認識されない、通信速度が遅いなど、具体的なトラブル時の対応フローを明確にする,https://minhyo.jp/sim,"**1. SIMカードが認識されない場合の対応フロー（公式手順）**
多くの携帯電話会社（キャリア）の公式サポート情報では、以下の段階的な手順が推奨されている。
1.  **スマホを再起動する**: 一時的なシステム不良を解消。
2.  **SIMカードを抜き差しする**: 接触不良を解消。この際、...",段階8ラウンド2: 通信品質の実態,minhyo.jp
段階7: E3. トラブル時の対応フロー調査: SIMカードが認識されない、通信速度が遅いなど、具体的なトラブル時の対応フローを明確にする,https://kakaku.com/mobile_data/sim/report/,"**1. SIMカードが認識されない場合の対応フロー（公式手順）**
多くの携帯電話会社（キャリア）の公式サポート情報では、以下の段階的な手順が推奨されている。
1.  **スマホを再起動する**: 一時的なシステム不良を解消。
2.  **SIMカードを抜き差しする**: 接触不良を解消。この際、...",段階8ラウンド2: 通信品質の実態,kakaku.com
段階7: E3. トラブル時の対応フロー調査: SIMカードが認識されない、通信速度が遅いなど、具体的なトラブル時の対応フローを明確にする,https://note.com/ore_ikitai/n/ne1e758a8fceb,"**1. SIMカードが認識されない場合の対応フロー（公式手順）**
多くの携帯電話会社（キャリア）の公式サポート情報では、以下の段階的な手順が推奨されている。
1.  **スマホを再起動する**: 一時的なシステム不良を解消。
2.  **SIMカードを抜き差しする**: 接触不良を解消。この際、...",段階8ラウンド2: 通信品質の実態,note.com
段階7: E4. 初期設定のサポート体制調査: MNP転入、APN設定、データ移行など、初期設定でつまずきやすいポイントのサポート体制を明確にする,https://www.au.com/mobile/onlineshop/guide/flow/,"**1. MNP転入**
- 2023年より「MNPワンストップ」方式が導入され、大手キャリア（NTTドコモ、au、ソフトバンク、楽天モバイル）や主要な格安SIM（ahamo、povo、UQ mobile、Y!mobile、LINEMOなど）では、乗り換え元でのMNP予約番号発行が不要となり、手続き...",段階8ラウンド2: 通信品質の実態（データ容量関連）,www.au.com
段階7: E4. 初期設定のサポート体制調査: MNP転入、APN設定、データ移行など、初期設定でつまずきやすいポイントのサポート体制を明確にする,https://www.docomo.ne.jp/binary/pdf/support/product/mnp_onestep_buisiness_person_list.pdf,"**1. MNP転入**
- 2023年より「MNPワンストップ」方式が導入され、大手キャリア（NTTドコモ、au、ソフトバンク、楽天モバイル）や主要な格安SIM（ahamo、povo、UQ mobile、Y!mobile、LINEMOなど）では、乗り換え元でのMNP予約番号発行が不要となり、手続き...",段階8ラウンド2: 通信品質の実態（データ容量関連）,www.docomo.ne.jp
段階7: E4. 初期設定のサポート体制調査: MNP転入、APN設定、データ移行など、初期設定でつまずきやすいポイントのサポート体制を明確にする,https://www.nihontsushin.com/support/support_mnp_onestop.html,"**1. MNP転入**
- 2023年より「MNPワンストップ」方式が導入され、大手キャリア（NTTドコモ、au、ソフトバンク、楽天モバイル）や主要な格安SIM（ahamo、povo、UQ mobile、Y!mobile、LINEMOなど）では、乗り換え元でのMNP予約番号発行が不要となり、手続き...",段階8ラウンド2: 通信品質の実態（データ容量関連）,www.nihontsushin.com
段階7: E4. 初期設定のサポート体制調査: MNP転入、APN設定、データ移行など、初期設定でつまずきやすいポイントのサポート体制を明確にする,https://mvno-rank.net/mvno-support/,"**1. MNP転入**
- 2023年より「MNPワンストップ」方式が導入され、大手キャリア（NTTドコモ、au、ソフトバンク、楽天モバイル）や主要な格安SIM（ahamo、povo、UQ mobile、Y!mobile、LINEMOなど）では、乗り換え元でのMNP予約番号発行が不要となり、手続き...",段階8ラウンド2: 通信品質の実態（データ容量関連）,mvno-rank.net
段階7: E4. 初期設定のサポート体制調査: MNP転入、APN設定、データ移行など、初期設定でつまずきやすいポイントのサポート体制を明確にする,https://t-1.co.jp/column/2025/10/17/android-data-transfer-guide/,"**1. MNP転入**
- 2023年より「MNPワンストップ」方式が導入され、大手キャリア（NTTドコモ、au、ソフトバンク、楽天モバイル）や主要な格安SIM（ahamo、povo、UQ mobile、Y!mobile、LINEMOなど）では、乗り換え元でのMNP予約番号発行が不要となり、手続き...",段階8ラウンド2: 通信品質の実態（データ容量関連）,t-1.co.jp
段階7: E4. 初期設定のサポート体制調査: MNP転入、APN設定、データ移行など、初期設定でつまずきやすいポイントのサポート体制を明確にする,https://tonbos55.hatenablog.com/entry/2025/04/14/051018,"**1. MNP転入**
- 2023年より「MNPワンストップ」方式が導入され、大手キャリア（NTTドコモ、au、ソフトバンク、楽天モバイル）や主要な格安SIM（ahamo、povo、UQ mobile、Y!mobile、LINEMOなど）では、乗り換え元でのMNP予約番号発行が不要となり、手続き...",段階8ラウンド2: 通信品質の実態（データ容量関連）,tonbos55.hatenablog.com
段階7: E4. 初期設定のサポート体制調査: MNP転入、APN設定、データ移行など、初期設定でつまずきやすいポイントのサポート体制を明確にする,https://xtech.nikkei.com/atcl/nxt/column/18/01112/091600035/,"**1. MNP転入**
- 2023年より「MNPワンストップ」方式が導入され、大手キャリア（NTTドコモ、au、ソフトバンク、楽天モバイル）や主要な格安SIM（ahamo、povo、UQ mobile、Y!mobile、LINEMOなど）では、乗り換え元でのMNP予約番号発行が不要となり、手続き...",段階8ラウンド2: 通信品質の実態（データ容量関連）,xtech.nikkei.com
段階7: E4. 初期設定のサポート体制調査: MNP転入、APN設定、データ移行など、初期設定でつまずきやすいポイントのサポート体制を明確にする,https://rush-up.co.jp/media/cheap-smartphone-regret-guide/,"**1. MNP転入**
- 2023年より「MNPワンストップ」方式が導入され、大手キャリア（NTTドコモ、au、ソフトバンク、楽天モバイル）や主要な格安SIM（ahamo、povo、UQ mobile、Y!mobile、LINEMOなど）では、乗り換え元でのMNP予約番号発行が不要となり、手続き...",段階8ラウンド2: 通信品質の実態（データ容量関連）,rush-up.co.jp
段階7: E4. 初期設定のサポート体制調査: MNP転入、APN設定、データ移行など、初期設定でつまずきやすいポイントのサポート体制を明確にする,https://king.mineo.jp/question-answer/%E3%82%B5%E3%83%BC%E3%83%93%E3%82%B9%E5%85%A8%E8%88%AC%EF%BC%8F%E7%94%B3%E8%BE%BC%E6%96%B9%E6%B3%95+%E6%90%BA%E5%B8%AF%E7%95%AA%E5%8F%B7%E3%83%9D%E3%83%BC%E3%82%BF%E3%83%93%E3%83%AA%E3%83%86%E3%82%A3%EF%BC%88MNP%EF%BC%89/41676,"**1. MNP転入**
- 2023年より「MNPワンストップ」方式が導入され、大手キャリア（NTTドコモ、au、ソフトバンク、楽天モバイル）や主要な格安SIM（ahamo、povo、UQ mobile、Y!mobile、LINEMOなど）では、乗り換え元でのMNP予約番号発行が不要となり、手続き...",段階8ラウンド2: 通信品質の実態（データ容量関連）,king.mineo.jp
段階7: E4. 初期設定のサポート体制調査: MNP転入、APN設定、データ移行など、初期設定でつまずきやすいポイントのサポート体制を明確にする,https://omuron.hateblo.jp/entry/2020/12/16/190000,"**1. MNP転入**
- 2023年より「MNPワンストップ」方式が導入され、大手キャリア（NTTドコモ、au、ソフトバンク、楽天モバイル）や主要な格安SIM（ahamo、povo、UQ mobile、Y!mobile、LINEMOなど）では、乗り換え元でのMNP予約番号発行が不要となり、手続き...",段階8ラウンド2: 通信品質の実態（データ容量関連）,omuron.hateblo.jp
段階7: E4. 初期設定のサポート体制調査: MNP転入、APN設定、データ移行など、初期設定でつまずきやすいポイントのサポート体制を明確にする,https://rush-up.co.jp/media/cheap-smartphone-disadvantages-selection-tips/,"**1. MNP転入**
- 2023年より「MNPワンストップ」方式が導入され、大手キャリア（NTTドコモ、au、ソフトバンク、楽天モバイル）や主要な格安SIM（ahamo、povo、UQ mobile、Y!mobile、LINEMOなど）では、乗り換え元でのMNP予約番号発行が不要となり、手続き...",段階8ラウンド2: 通信品質の実態（データ容量関連）,rush-up.co.jp
段階7: E4. 初期設定のサポート体制調査: MNP転入、APN設定、データ移行など、初期設定でつまずきやすいポイントのサポート体制を明確にする,https://sim.insweb.co.jp/support-juujitsu.html,"**1. MNP転入**
- 2023年より「MNPワンストップ」方式が導入され、大手キャリア（NTTドコモ、au、ソフトバンク、楽天モバイル）や主要な格安SIM（ahamo、povo、UQ mobile、Y!mobile、LINEMOなど）では、乗り換え元でのMNP予約番号発行が不要となり、手続き...",段階8ラウンド2: 通信品質の実態（データ容量関連）,sim.insweb.co.jp
段階7: E4. 初期設定のサポート体制調査: MNP転入、APN設定、データ移行など、初期設定でつまずきやすいポイントのサポート体制を明確にする,https://smappy-if.com/articles/mvno/968,"**1. MNP転入**
- 2023年より「MNPワンストップ」方式が導入され、大手キャリア（NTTドコモ、au、ソフトバンク、楽天モバイル）や主要な格安SIM（ahamo、povo、UQ mobile、Y!mobile、LINEMOなど）では、乗り換え元でのMNP予約番号発行が不要となり、手続き...",段階8ラウンド2: 通信品質の実態（データ容量関連）,smappy-if.com
段階7: E5. シニア層向けサポート調査: 60歳以上のユーザーに対する特別なサポート体制があるかを明確にする,https://kaitori.wpx.jp/docomo-senior-kakehoudai/,"日本の主要な携帯電話会社やMVNO（格安SIM事業者）は、60歳以上のシニア層を対象とした特別な料金割引やサポート体制を提供しています。

1.  **ドコモ**: かつての「シニア特割」は終了しましたが、現在はスマートフォンを初めて利用する60歳以上のユーザーを対象とした「はじめてスマホプラン」や...",段階8ラウンド3: サポート体制の実態,kaitori.wpx.jp
段階7: E5. シニア層向けサポート調査: 60歳以上のユーザーに対する特別なサポート体制があるかを明確にする,https://www.jcom.co.jp/service/mobile/campaign/senior/,"日本の主要な携帯電話会社やMVNO（格安SIM事業者）は、60歳以上のシニア層を対象とした特別な料金割引やサポート体制を提供しています。

1.  **ドコモ**: かつての「シニア特割」は終了しましたが、現在はスマートフォンを初めて利用する60歳以上のユーザーを対象とした「はじめてスマホプラン」や...",段階8ラウンド3: サポート体制の実態,www.jcom.co.jp
段階7: E5. シニア層向けサポート調査: 60歳以上のユーザーに対する特別なサポート体制があるかを明確にする,https://www.ymobile.jp/sp/over60otoku/,"日本の主要な携帯電話会社やMVNO（格安SIM事業者）は、60歳以上のシニア層を対象とした特別な料金割引やサポート体制を提供しています。

1.  **ドコモ**: かつての「シニア特割」は終了しましたが、現在はスマートフォンを初めて利用する60歳以上のユーザーを対象とした「はじめてスマホプラン」や...",段階8ラウンド3: サポート体制の実態,www.ymobile.jp
段階7: E5. シニア層向けサポート調査: 60歳以上のユーザーに対する特別なサポート体制があるかを明確にする,https://soregadaiji-wifi.com/internet/senior-sim-call-only-osusume/,"日本の主要な携帯電話会社やMVNO（格安SIM事業者）は、60歳以上のシニア層を対象とした特別な料金割引やサポート体制を提供しています。

1.  **ドコモ**: かつての「シニア特割」は終了しましたが、現在はスマートフォンを初めて利用する60歳以上のユーザーを対象とした「はじめてスマホプラン」や...",段階8ラウンド3: サポート体制の実態,soregadaiji-wifi.com
段階7: E5. シニア層向けサポート調査: 60歳以上のユーザーに対する特別なサポート体制があるかを明確にする,https://selectra.jp/sim/guides/hikaku/senior-smartphone,"日本の主要な携帯電話会社やMVNO（格安SIM事業者）は、60歳以上のシニア層を対象とした特別な料金割引やサポート体制を提供しています。

1.  **ドコモ**: かつての「シニア特割」は終了しましたが、現在はスマートフォンを初めて利用する60歳以上のユーザーを対象とした「はじめてスマホプラン」や...",段階8ラウンド3: サポート体制の実態,selectra.jp
段階7: E5. シニア層向けサポート調査: 60歳以上のユーザーに対する特別なサポート体制があるかを明確にする,https://starcraft-n.co.jp/erisgood/mobile/smartphone/senior-smartphone/,"日本の主要な携帯電話会社やMVNO（格安SIM事業者）は、60歳以上のシニア層を対象とした特別な料金割引やサポート体制を提供しています。

1.  **ドコモ**: かつての「シニア特割」は終了しましたが、現在はスマートフォンを初めて利用する60歳以上のユーザーを対象とした「はじめてスマホプラン」や...",段階8ラウンド3: サポート体制の実態,starcraft-n.co.jp
段階7: E5. シニア層向けサポート調査: 60歳以上のユーザーに対する特別なサポート体制があるかを明確にする,https://book.mynavi.jp/ashita_magazine/uqmobile-senior/,"日本の主要な携帯電話会社やMVNO（格安SIM事業者）は、60歳以上のシニア層を対象とした特別な料金割引やサポート体制を提供しています。

1.  **ドコモ**: かつての「シニア特割」は終了しましたが、現在はスマートフォンを初めて利用する60歳以上のユーザーを対象とした「はじめてスマホプラン」や...",段階8ラウンド3: サポート体制の実態,book.mynavi.jp
段階7: E5. シニア層向けサポート調査: 60歳以上のユーザーに対する特別なサポート体制があるかを明確にする,https://network.mobile.rakuten.co.jp/uservoice/94/,"日本の主要な携帯電話会社やMVNO（格安SIM事業者）は、60歳以上のシニア層を対象とした特別な料金割引やサポート体制を提供しています。

1.  **ドコモ**: かつての「シニア特割」は終了しましたが、現在はスマートフォンを初めて利用する60歳以上のユーザーを対象とした「はじめてスマホプラン」や...",段階8ラウンド3: サポート体制の実態,network.mobile.rakuten.co.jp
段階7: E5. シニア層向けサポート調査: 60歳以上のユーザーに対する特別なサポート体制があるかを明確にする,https://xn--ipv6-yn4cxgwe959zqrkp58g.com/media/y-mobile-senior/,"日本の主要な携帯電話会社やMVNO（格安SIM事業者）は、60歳以上のシニア層を対象とした特別な料金割引やサポート体制を提供しています。

1.  **ドコモ**: かつての「シニア特割」は終了しましたが、現在はスマートフォンを初めて利用する60歳以上のユーザーを対象とした「はじめてスマホプラン」や...",段階8ラウンド3: サポート体制の実態,xn--ipv6-yn4cxgwe959zqrkp58g.com
段階7: E5. シニア層向けサポート調査: 60歳以上のユーザーに対する特別なサポート体制があるかを明確にする,https://book.mynavi.jp/ashita_magazine/sim-senior/,"日本の主要な携帯電話会社やMVNO（格安SIM事業者）は、60歳以上のシニア層を対象とした特別な料金割引やサポート体制を提供しています。

1.  **ドコモ**: かつての「シニア特割」は終了しましたが、現在はスマートフォンを初めて利用する60歳以上のユーザーを対象とした「はじめてスマホプラン」や...",段階8ラウンド3: サポート体制の実態,book.mynavi.jp
段階7: E5. シニア層向けサポート調査: 60歳以上のユーザーに対する特別なサポート体制があるかを明確にする,https://www.correc.co.jp/internet-kyokasho/au-spstart-flat/,"日本の主要な携帯電話会社やMVNO（格安SIM事業者）は、60歳以上のシニア層を対象とした特別な料金割引やサポート体制を提供しています。

1.  **ドコモ**: かつての「シニア特割」は終了しましたが、現在はスマートフォンを初めて利用する60歳以上のユーザーを対象とした「はじめてスマホプラン」や...",段階8ラウンド3: サポート体制の実態,www.correc.co.jp
段階7: E5. シニア層向けサポート調査: 60歳以上のユーザーに対する特別なサポート体制があるかを明確にする,https://xn--ipv6-yn4cxgwe959zqrkp58g.com/media/uq-mobile-senior-demerit/,"日本の主要な携帯電話会社やMVNO（格安SIM事業者）は、60歳以上のシニア層を対象とした特別な料金割引やサポート体制を提供しています。

1.  **ドコモ**: かつての「シニア特割」は終了しましたが、現在はスマートフォンを初めて利用する60歳以上のユーザーを対象とした「はじめてスマホプラン」や...",段階8ラウンド3: サポート体制の実態,xn--ipv6-yn4cxgwe959zqrkp58g.com
段階7: E5. シニア層向けサポート調査: 60歳以上のユーザーに対する特別なサポート体制があるかを明確にする,https://selectra.jp/sim/providers/ymobile/morethan60yearsold,"日本の主要な携帯電話会社やMVNO（格安SIM事業者）は、60歳以上のシニア層を対象とした特別な料金割引やサポート体制を提供しています。

1.  **ドコモ**: かつての「シニア特割」は終了しましたが、現在はスマートフォンを初めて利用する60歳以上のユーザーを対象とした「はじめてスマホプラン」や...",段階8ラウンド3: サポート体制の実態,selectra.jp
段階7: E5. シニア層向けサポート調査: 60歳以上のユーザーに対する特別なサポート体制があるかを明確にする,https://inest-inc.co.jp/sumaho-sensei/first-smartphone-plan/,"日本の主要な携帯電話会社やMVNO（格安SIM事業者）は、60歳以上のシニア層を対象とした特別な料金割引やサポート体制を提供しています。

1.  **ドコモ**: かつての「シニア特割」は終了しましたが、現在はスマートフォンを初めて利用する60歳以上のユーザーを対象とした「はじめてスマホプラン」や...",段階8ラウンド3: サポート体制の実態,inest-inc.co.jp
段階7: E5. シニア層向けサポート調査: 60歳以上のユーザーに対する特別なサポート体制があるかを明確にする,https://alpha-intl.net/72659/,"日本の主要な携帯電話会社やMVNO（格安SIM事業者）は、60歳以上のシニア層を対象とした特別な料金割引やサポート体制を提供しています。

1.  **ドコモ**: かつての「シニア特割」は終了しましたが、現在はスマートフォンを初めて利用する60歳以上のユーザーを対象とした「はじめてスマホプラン」や...",段階8ラウンド3: サポート体制の実態,alpha-intl.net
段階7: E5. シニア層向けサポート調査: 60歳以上のユーザーに対する特別なサポート体制があるかを明確にする,https://sma-sta.com/blogs/6205/,"日本の主要な携帯電話会社やMVNO（格安SIM事業者）は、60歳以上のシニア層を対象とした特別な料金割引やサポート体制を提供しています。

1.  **ドコモ**: かつての「シニア特割」は終了しましたが、現在はスマートフォンを初めて利用する60歳以上のユーザーを対象とした「はじめてスマホプラン」や...",段階8ラウンド3: サポート体制の実態,sma-sta.com
段階7: E5. シニア層向けサポート調査: 60歳以上のユーザーに対する特別なサポート体制があるかを明確にする,https://www.itmedia.co.jp/mobile/articles/1701/27/news128.html,"日本の主要な携帯電話会社やMVNO（格安SIM事業者）は、60歳以上のシニア層を対象とした特別な料金割引やサポート体制を提供しています。

1.  **ドコモ**: かつての「シニア特割」は終了しましたが、現在はスマートフォンを初めて利用する60歳以上のユーザーを対象とした「はじめてスマホプラン」や...",段階8ラウンド3: サポート体制の実態,www.itmedia.co.jp
段階7: F2. SIMカード到着までの期間調査: 申し込みから、SIMカードが届くまでの期間を明確にする,https://www.nihontsushin.com/support/faqItems.html?qid=id_041,"【大手・格安SIMの公式情報に基づくSIMカード到着までの目安】

- **最短到着日数:** 楽天モバイルやNUROモバイルなど、一部の事業者は最短で**当日発送**または**翌日到着**を公表しています。特にNUROモバイルは、午後2時までの手続き完了で最短当日発送を謳っています。
- **一般...",段階8ラウンド4: 乗り換えの手間とリスク,www.nihontsushin.com
段階7: F2. SIMカード到着までの期間調査: 申し込みから、SIMカードが届くまでの期間を明確にする,https://network.mobile.rakuten.co.jp/faq/detail/00001642/,"【大手・格安SIMの公式情報に基づくSIMカード到着までの目安】

- **最短到着日数:** 楽天モバイルやNUROモバイルなど、一部の事業者は最短で**当日発送**または**翌日到着**を公表しています。特にNUROモバイルは、午後2時までの手続き完了で最短当日発送を謳っています。
- **一般...",段階8ラウンド4: 乗り換えの手間とリスク,network.mobile.rakuten.co.jp
段階7: F2. SIMカード到着までの期間調査: 申し込みから、SIMカードが届くまでの期間を明確にする,https://mobile.nuro.jp/guide/sim.html,"【大手・格安SIMの公式情報に基づくSIMカード到着までの目安】

- **最短到着日数:** 楽天モバイルやNUROモバイルなど、一部の事業者は最短で**当日発送**または**翌日到着**を公表しています。特にNUROモバイルは、午後2時までの手続き完了で最短当日発送を謳っています。
- **一般...",段階8ラウンド4: 乗り換えの手間とリスク,mobile.nuro.jp
段階7: F2. SIMカード到着までの期間調査: 申し込みから、SIMカードが届くまでの期間を明確にする,https://support.his-mobile.com/hc/ja/articles/7739286336143-%E7%94%B3%E8%BE%BC%E3%81%BF%E3%81%8B%E3%82%89%E6%89%8B%E5%85%83%E3%81%AB%E5%B1%8A%E3%81%8D-%E4%BD%BF%E3%81%88%E3%82%8B%E3%81%BE%E3%81%A7%E3%81%AE%E7%B4%8D%E6%9C%9F%E3%82%92%E6%95%99%E3%81%88%E3%81%A6%E3%81%8F%E3%81%A0%E3%81%95%E3%81%84,"【大手・格安SIMの公式情報に基づくSIMカード到着までの目安】

- **最短到着日数:** 楽天モバイルやNUROモバイルなど、一部の事業者は最短で**当日発送**または**翌日到着**を公表しています。特にNUROモバイルは、午後2時までの手続き完了で最短当日発送を謳っています。
- **一般...",段階8ラウンド4: 乗り換えの手間とリスク,support.his-mobile.com
段階7: F2. SIMカード到着までの期間調査: 申し込みから、SIMカードが届くまでの期間を明確にする,https://bizplus.jp/mobile/irumo-sim-card-transport-schedule/,"【大手・格安SIMの公式情報に基づくSIMカード到着までの目安】

- **最短到着日数:** 楽天モバイルやNUROモバイルなど、一部の事業者は最短で**当日発送**または**翌日到着**を公表しています。特にNUROモバイルは、午後2時までの手続き完了で最短当日発送を謳っています。
- **一般...",段階8ラウンド4: 乗り換えの手間とリスク,bizplus.jp
段階7: F2. SIMカード到着までの期間調査: 申し込みから、SIMカードが届くまでの期間を明確にする,https://note.com/rifujinpod/n/n2f487c032c7e,"【大手・格安SIMの公式情報に基づくSIMカード到着までの目安】

- **最短到着日数:** 楽天モバイルやNUROモバイルなど、一部の事業者は最短で**当日発送**または**翌日到着**を公表しています。特にNUROモバイルは、午後2時までの手続き完了で最短当日発送を謳っています。
- **一般...",段階8ラウンド4: 乗り換えの手間とリスク,note.com
段階7: F2. SIMカード到着までの期間調査: 申し込みから、SIMカードが届くまでの期間を明確にする,https://kakaku.com/mobile_data/sim/report/?si_companycd=37,"【大手・格安SIMの公式情報に基づくSIMカード到着までの目安】

- **最短到着日数:** 楽天モバイルやNUROモバイルなど、一部の事業者は最短で**当日発送**または**翌日到着**を公表しています。特にNUROモバイルは、午後2時までの手続き完了で最短当日発送を謳っています。
- **一般...",段階8ラウンド4: 乗り換えの手間とリスク,kakaku.com
段階7: F2. SIMカード到着までの期間調査: 申し込みから、SIMカードが届くまでの期間を明確にする,https://xn--eckte5bvb2383a61i8x2a858c.xyz/sim-delivery/,"【大手・格安SIMの公式情報に基づくSIMカード到着までの目安】

- **最短到着日数:** 楽天モバイルやNUROモバイルなど、一部の事業者は最短で**当日発送**または**翌日到着**を公表しています。特にNUROモバイルは、午後2時までの手続き完了で最短当日発送を謳っています。
- **一般...",段階8ラウンド4: 乗り換えの手間とリスク,xn--eckte5bvb2383a61i8x2a858c.xyz
段階7: F3. 開通までの不通期間調査: 乗り換え時に、スマホが使えない期間があるかを明確にする,https://simchange.jp/mnp-blank-period/,"MNP（携帯電話番号ポータビリティ）による乗り換え時の不通期間は、主に新しいSIMカード（またはeSIM）の開通手続き（回線切替）中に発生します。多くの携帯電話会社やMVNO（格安SIM）の公式情報や解説記事では、この不通期間は**数十分から1時間程度**と説明されています。
*   **物理SIM...",段階8ラウンド4: 乗り換えの手間とリスク,simchange.jp
段階7: F3. 開通までの不通期間調査: 乗り換え時に、スマホが使えない期間があるかを明確にする,https://www.benefon.com/mnp-knowledge/until-when-use,"MNP（携帯電話番号ポータビリティ）による乗り換え時の不通期間は、主に新しいSIMカード（またはeSIM）の開通手続き（回線切替）中に発生します。多くの携帯電話会社やMVNO（格安SIM）の公式情報や解説記事では、この不通期間は**数十分から1時間程度**と説明されています。
*   **物理SIM...",段階8ラウンド4: 乗り換えの手間とリスク,www.benefon.com
段階7: F3. 開通までの不通期間調査: 乗り換え時に、スマホが使えない期間があるかを明確にする,https://blueriver-surf.com/qa/uqmobile-mnp-flow/,"MNP（携帯電話番号ポータビリティ）による乗り換え時の不通期間は、主に新しいSIMカード（またはeSIM）の開通手続き（回線切替）中に発生します。多くの携帯電話会社やMVNO（格安SIM）の公式情報や解説記事では、この不通期間は**数十分から1時間程度**と説明されています。
*   **物理SIM...",段階8ラウンド4: 乗り換えの手間とリスク,blueriver-surf.com
段階7: F3. 開通までの不通期間調査: 乗り換え時に、スマホが使えない期間があるかを明確にする,https://rush-up.co.jp/media/rakuten-mobile-esim-switch-guide/,"MNP（携帯電話番号ポータビリティ）による乗り換え時の不通期間は、主に新しいSIMカード（またはeSIM）の開通手続き（回線切替）中に発生します。多くの携帯電話会社やMVNO（格安SIM）の公式情報や解説記事では、この不通期間は**数十分から1時間程度**と説明されています。
*   **物理SIM...",段階8ラウンド4: 乗り換えの手間とリスク,rush-up.co.jp
段階7: F3. 開通までの不通期間調査: 乗り換え時に、スマホが使えない期間があるかを明確にする,https://king.mineo.jp/question-answer/%E3%83%87%E3%83%BC%E3%82%BF%E9%80%9A%E4%BF%A1%EF%BC%8F%E9%9F%B3%E5%A3%B0%E9%80%9A%E8%A9%B1/37398,"MNP（携帯電話番号ポータビリティ）による乗り換え時の不通期間は、主に新しいSIMカード（またはeSIM）の開通手続き（回線切替）中に発生します。多くの携帯電話会社やMVNO（格安SIM）の公式情報や解説記事では、この不通期間は**数十分から1時間程度**と説明されています。
*   **物理SIM...",段階8ラウンド4: 乗り換えの手間とリスク,king.mineo.jp
段階7: F3. 開通までの不通期間調査: 乗り換え時に、スマホが使えない期間があるかを明確にする,https://k-tai.watch.impress.co.jp/docs/column/minna/1527976.html,"MNP（携帯電話番号ポータビリティ）による乗り換え時の不通期間は、主に新しいSIMカード（またはeSIM）の開通手続き（回線切替）中に発生します。多くの携帯電話会社やMVNO（格安SIM）の公式情報や解説記事では、この不通期間は**数十分から1時間程度**と説明されています。
*   **物理SIM...",段階8ラウンド4: 乗り換えの手間とリスク,k-tai.watch.impress.co.jp
段階7: F5. 乗り換え時のトラブル事例調査: 実際に乗り換え時に起きたトラブルと、その解決方法を明確にする,https://www.soumu.go.jp/main_content/000962339.pdf,"**総務省「苦情相談の傾向分析の結果について」（2023年度）より**

乗り換えを含む電気通信サービス全般の苦情相談の主要な発生要因（MNPサービス/FTTHサービス）は以下の通り。

| サービス種別 | 苦情相談の項目・観点（上位3つ） | 割合 | 具体的なトラブル事例 |
| :--- |...",段階8ラウンド4: 乗り換えの手間とリスク,www.soumu.go.jp
段階7: F5. 乗り換え時のトラブル事例調査: 実際に乗り換え時に起きたトラブルと、その解決方法を明確にする,https://king.mineo.jp/reports/300853,"**総務省「苦情相談の傾向分析の結果について」（2023年度）より**

乗り換えを含む電気通信サービス全般の苦情相談の主要な発生要因（MNPサービス/FTTHサービス）は以下の通り。

| サービス種別 | 苦情相談の項目・観点（上位3つ） | 割合 | 具体的なトラブル事例 |
| :--- |...",段階8ラウンド4: 乗り換えの手間とリスク,king.mineo.jp
段階7: F5. 乗り換え時のトラブル事例調査: 実際に乗り換え時に起きたトラブルと、その解決方法を明確にする,https://ameblo.jp/riiu-life/entry-12839593108,"**総務省「苦情相談の傾向分析の結果について」（2023年度）より**

乗り換えを含む電気通信サービス全般の苦情相談の主要な発生要因（MNPサービス/FTTHサービス）は以下の通り。

| サービス種別 | 苦情相談の項目・観点（上位3つ） | 割合 | 具体的なトラブル事例 |
| :--- |...",段階8ラウンド4: 乗り換えの手間とリスク,ameblo.jp
段階7: F5. 乗り換え時のトラブル事例調査: 実際に乗り換え時に起きたトラブルと、その解決方法を明確にする,https://www.city.mobara.chiba.jp/0000006822.html,"**総務省「苦情相談の傾向分析の結果について」（2023年度）より**

乗り換えを含む電気通信サービス全般の苦情相談の主要な発生要因（MNPサービス/FTTHサービス）は以下の通り。

| サービス種別 | 苦情相談の項目・観点（上位3つ） | 割合 | 具体的なトラブル事例 |
| :--- |...",段階8ラウンド4: 乗り換えの手間とリスク,www.city.mobara.chiba.jp
段階7: F5. 乗り換え時のトラブル事例調査: 実際に乗り換え時に起きたトラブルと、その解決方法を明確にする,https://plantessucculentes.hatenablog.com/entry/docomohikari-norikae,"**総務省「苦情相談の傾向分析の結果について」（2023年度）より**

乗り換えを含む電気通信サービス全般の苦情相談の主要な発生要因（MNPサービス/FTTHサービス）は以下の通り。

| サービス種別 | 苦情相談の項目・観点（上位3つ） | 割合 | 具体的なトラブル事例 |
| :--- |...",段階8ラウンド4: 乗り換えの手間とリスク,plantessucculentes.hatenablog.com
段階7: F6. 家族全員分の乗り換えの手間調査: 家族4人分を乗り換える場合、どれくらいの時間と手間がかかるかを明確にする,https://sitecreation.co.jp/net/rakuten-mobile-all-family-mnp/,"**手続きにかかる時間（客観的情報）**

*   **オンライン手続き（1回線あたり）：** 申し込み手続き自体は**約15分〜1時間程度**で完了する。家族4人分の場合、この手続きを4回繰り返す必要がある。
*   **回線切り替え（不通時間）：** MNP転入後の回線切り替え（開通）にかかる時...",段階8ラウンド4: 乗り換えの手間とリスク,sitecreation.co.jp
段階7: F6. 家族全員分の乗り換えの手間調査: 家族4人分を乗り換える場合、どれくらいの時間と手間がかかるかを明確にする,https://mobareco.jp/a322933/,"**手続きにかかる時間（客観的情報）**

*   **オンライン手続き（1回線あたり）：** 申し込み手続き自体は**約15分〜1時間程度**で完了する。家族4人分の場合、この手続きを4回繰り返す必要がある。
*   **回線切り替え（不通時間）：** MNP転入後の回線切り替え（開通）にかかる時...",段階8ラウンド4: 乗り換えの手間とリスク,mobareco.jp
段階7: F6. 家族全員分の乗り換えの手間調査: 家族4人分を乗り換える場合、どれくらいの時間と手間がかかるかを明確にする,https://www.benefon.com/mnp-knowledge/switch-time,"**手続きにかかる時間（客観的情報）**

*   **オンライン手続き（1回線あたり）：** 申し込み手続き自体は**約15分〜1時間程度**で完了する。家族4人分の場合、この手続きを4回繰り返す必要がある。
*   **回線切り替え（不通時間）：** MNP転入後の回線切り替え（開通）にかかる時...",段階8ラウンド4: 乗り換えの手間とリスク,www.benefon.com
段階7: F6. 家族全員分の乗り換えの手間調査: 家族4人分を乗り換える場合、どれくらいの時間と手間がかかるかを明確にする,https://network.mobile.rakuten.co.jp/faq/detail/00001497/,"**手続きにかかる時間（客観的情報）**

*   **オンライン手続き（1回線あたり）：** 申し込み手続き自体は**約15分〜1時間程度**で完了する。家族4人分の場合、この手続きを4回繰り返す必要がある。
*   **回線切り替え（不通時間）：** MNP転入後の回線切り替え（開通）にかかる時...",段階8ラウンド4: 乗り換えの手間とリスク,network.mobile.rakuten.co.jp
段階7: F6. 家族全員分の乗り換えの手間調査: 家族4人分を乗り換える場合、どれくらいの時間と手間がかかるかを明確にする,https://faq.ahamo.com/faq/show/595,"**手続きにかかる時間（客観的情報）**

*   **オンライン手続き（1回線あたり）：** 申し込み手続き自体は**約15分〜1時間程度**で完了する。家族4人分の場合、この手続きを4回繰り返す必要がある。
*   **回線切り替え（不通時間）：** MNP転入後の回線切り替え（開通）にかかる時...",段階8ラウンド4: 乗り換えの手間とリスク,faq.ahamo.com
段階7: F6. 家族全員分の乗り換えの手間調査: 家族4人分を乗り換える場合、どれくらいの時間と手間がかかるかを明確にする,https://faq.irumo.docomo.ne.jp/faq/show/44,"**手続きにかかる時間（客観的情報）**

*   **オンライン手続き（1回線あたり）：** 申し込み手続き自体は**約15分〜1時間程度**で完了する。家族4人分の場合、この手続きを4回繰り返す必要がある。
*   **回線切り替え（不通時間）：** MNP転入後の回線切り替え（開通）にかかる時...",段階8ラウンド4: 乗り換えの手間とリスク,faq.irumo.docomo.ne.jp
段階7: F6. 家族全員分の乗り換えの手間調査: 家族4人分を乗り換える場合、どれくらいの時間と手間がかかるかを明確にする,https://www.qtmobile.jp/guide/procedure/,"**手続きにかかる時間（客観的情報）**

*   **オンライン手続き（1回線あたり）：** 申し込み手続き自体は**約15分〜1時間程度**で完了する。家族4人分の場合、この手続きを4回繰り返す必要がある。
*   **回線切り替え（不通時間）：** MNP転入後の回線切り替え（開通）にかかる時...",段階8ラウンド4: 乗り換えの手間とリスク,www.qtmobile.jp
段階7: F6. 家族全員分の乗り換えの手間調査: 家族4人分を乗り換える場合、どれくらいの時間と手間がかかるかを明確にする,https://simchange.jp/mnp-blank-period/,"**手続きにかかる時間（客観的情報）**

*   **オンライン手続き（1回線あたり）：** 申し込み手続き自体は**約15分〜1時間程度**で完了する。家族4人分の場合、この手続きを4回繰り返す必要がある。
*   **回線切り替え（不通時間）：** MNP転入後の回線切り替え（開通）にかかる時...",段階8ラウンド4: 乗り換えの手間とリスク,simchange.jp
段階7: F6. 家族全員分の乗り換えの手間調査: 家族4人分を乗り換える場合、どれくらいの時間と手間がかかるかを明確にする,https://kakuyasu-sim.net/introduction/%E6%A0%BC%E5%AE%89sim%E3%81%B8%E3%81%AE%E4%B9%97%E3%82%8A%E6%8F%9B%E3%81%88%E6%9C%9F%E9%96%93%E3%81%AF%E3%81%A9%E3%82%8C%E3%81%8F%E3%82%89%E3%81%84%E3%81%8B%E7%9F%A5%E3%81%A3%E3%81%A6%E3%81%84/,"**手続きにかかる時間（客観的情報）**

*   **オンライン手続き（1回線あたり）：** 申し込み手続き自体は**約15分〜1時間程度**で完了する。家族4人分の場合、この手続きを4回繰り返す必要がある。
*   **回線切り替え（不通時間）：** MNP転入後の回線切り替え（開通）にかかる時...",段階8ラウンド4: 乗り換えの手間とリスク,kakuyasu-sim.net
段階7: F6. 家族全員分の乗り換えの手間調査: 家族4人分を乗り換える場合、どれくらいの時間と手間がかかるかを明確にする,https://ameblo.jp/ugauga424/entry-12846543010.html,"**手続きにかかる時間（客観的情報）**

*   **オンライン手続き（1回線あたり）：** 申し込み手続き自体は**約15分〜1時間程度**で完了する。家族4人分の場合、この手続きを4回繰り返す必要がある。
*   **回線切り替え（不通時間）：** MNP転入後の回線切り替え（開通）にかかる時...",段階8ラウンド4: 乗り換えの手間とリスク,ameblo.jp
段階7: F6. 家族全員分の乗り換えの手間調査: 家族4人分を乗り換える場合、どれくらいの時間と手間がかかるかを明確にする,https://comcom358.net/2020/12/18/kazoku_mnp/,"**手続きにかかる時間（客観的情報）**

*   **オンライン手続き（1回線あたり）：** 申し込み手続き自体は**約15分〜1時間程度**で完了する。家族4人分の場合、この手続きを4回繰り返す必要がある。
*   **回線切り替え（不通時間）：** MNP転入後の回線切り替え（開通）にかかる時...",段階8ラウンド4: 乗り換えの手間とリスク,comcom358.net
段階7: F6. 家族全員分の乗り換えの手間調査: 家族4人分を乗り換える場合、どれくらいの時間と手間がかかるかを明確にする,https://ameblo.jp/kyorokan2015/entry-12887927102.html,"**手続きにかかる時間（客観的情報）**

*   **オンライン手続き（1回線あたり）：** 申し込み手続き自体は**約15分〜1時間程度**で完了する。家族4人分の場合、この手続きを4回繰り返す必要がある。
*   **回線切り替え（不通時間）：** MNP転入後の回線切り替え（開通）にかかる時...",段階8ラウンド4: 乗り換えの手間とリスク,ameblo.jp
段階7: F6. 家族全員分の乗り換えの手間調査: 家族4人分を乗り換える場合、どれくらいの時間と手間がかかるかを明確にする,https://note.com/ample_fox8154/n/n600f58dfa288,"**手続きにかかる時間（客観的情報）**

*   **オンライン手続き（1回線あたり）：** 申し込み手続き自体は**約15分〜1時間程度**で完了する。家族4人分の場合、この手続きを4回繰り返す必要がある。
*   **回線切り替え（不通時間）：** MNP転入後の回線切り替え（開通）にかかる時...",段階8ラウンド4: 乗り換えの手間とリスク,note.com
段階7: F6. 家族全員分の乗り換えの手間調査: 家族4人分を乗り換える場合、どれくらいの時間と手間がかかるかを明確にする,https://www.tachikoman.com/entry/2022/10/30/060000,"**手続きにかかる時間（客観的情報）**

*   **オンライン手続き（1回線あたり）：** 申し込み手続き自体は**約15分〜1時間程度**で完了する。家族4人分の場合、この手続きを4回繰り返す必要がある。
*   **回線切り替え（不通時間）：** MNP転入後の回線切り替え（開通）にかかる時...",段階8ラウンド4: 乗り換えの手間とリスク,www.tachikoman.com
段階7: G2. 単身赴任・転勤族向けの最適プラン調査: 引っ越しが多い人に適したプランを明確にする,https://hikkoshi.suumo.jp/oyakudachi/14611.html,"**1. プランの種類と特徴**
*   **単身パック**: 料金が安く、訪問見積もり不要で手軽だが、運べる荷物の量やサイズに制限がある（コンテナ型など）。利用可能エリアにも制限がある場合がある。日本通運の「単身パックL」（高さ175cm、幅108cm、奥行き104cmのコンテナで30,800円〜...",段階8ラウンド5: 世代別・ライフスタイル別の最適解,hikkoshi.suumo.jp
段階7: G2. 単身赴任・転勤族向けの最適プラン調査: 引っ越しが多い人に適したプランを明確にする,https://note.com/kage_laidback/n/n15721de16aeb,"**1. プランの種類と特徴**
*   **単身パック**: 料金が安く、訪問見積もり不要で手軽だが、運べる荷物の量やサイズに制限がある（コンテナ型など）。利用可能エリアにも制限がある場合がある。日本通運の「単身パックL」（高さ175cm、幅108cm、奥行き104cmのコンテナで30,800円〜...",段階8ラウンド5: 世代別・ライフスタイル別の最適解,note.com
段階7: G2. 単身赴任・転勤族向けの最適プラン調査: 引っ越しが多い人に適したプランを明確にする,https://hikkoshi-chie.com/archives/4441,"**1. プランの種類と特徴**
*   **単身パック**: 料金が安く、訪問見積もり不要で手軽だが、運べる荷物の量やサイズに制限がある（コンテナ型など）。利用可能エリアにも制限がある場合がある。日本通運の「単身パックL」（高さ175cm、幅108cm、奥行き104cmのコンテナで30,800円〜...",段階8ラウンド5: 世代別・ライフスタイル別の最適解,hikkoshi-chie.com
段階7: G3. フリーランス・在宅ワーク向けの最適プラン調査: テザリングを頻繁に使う人に適したプランを明確にする,https://network.mobile.rakuten.co.jp/faq/detail/00001527/,"フリーランス・在宅ワーク向けのテザリングを頻繁に使う人に適したプランとして、**楽天モバイルのRakuten最強プラン**が最も有力である。このプランは、月額3,278円（税込）でデータ利用量が無制限（20GB超の場合）となり、テザリング機能も**追加料金なしで利用可能**である。主要キャリアの無制...",段階8ラウンド5: 世代別・ライフスタイル別の最適解,network.mobile.rakuten.co.jp
段階7: G3. フリーランス・在宅ワーク向けの最適プラン調査: テザリングを頻繁に使う人に適したプランを明確にする,https://network.mobile.rakuten.co.jp/fee/saikyo-plan/detail/,"フリーランス・在宅ワーク向けのテザリングを頻繁に使う人に適したプランとして、**楽天モバイルのRakuten最強プラン**が最も有力である。このプランは、月額3,278円（税込）でデータ利用量が無制限（20GB超の場合）となり、テザリング機能も**追加料金なしで利用可能**である。主要キャリアの無制...",段階8ラウンド5: 世代別・ライフスタイル別の最適解,network.mobile.rakuten.co.jp
段階7: G3. フリーランス・在宅ワーク向けの最適プラン調査: テザリングを頻繁に使う人に適したプランを明確にする,https://kakuyasu-sim.jp/tethering,"フリーランス・在宅ワーク向けのテザリングを頻繁に使う人に適したプランとして、**楽天モバイルのRakuten最強プラン**が最も有力である。このプランは、月額3,278円（税込）でデータ利用量が無制限（20GB超の場合）となり、テザリング機能も**追加料金なしで利用可能**である。主要キャリアの無制...",段階8ラウンド5: 世代別・ライフスタイル別の最適解,kakuyasu-sim.jp
段階7: G3. フリーランス・在宅ワーク向けの最適プラン調査: テザリングを頻繁に使う人に適したプランを明確にする,https://nakamayu2.com/rmoba/,"フリーランス・在宅ワーク向けのテザリングを頻繁に使う人に適したプランとして、**楽天モバイルのRakuten最強プラン**が最も有力である。このプランは、月額3,278円（税込）でデータ利用量が無制限（20GB超の場合）となり、テザリング機能も**追加料金なしで利用可能**である。主要キャリアの無制...",段階8ラウンド5: 世代別・ライフスタイル別の最適解,nakamayu2.com
段階7: G3. フリーランス・在宅ワーク向けの最適プラン調査: テザリングを頻繁に使う人に適したプランを明確にする,https://blog.frankul.net/2023/04/07/tethering/,"フリーランス・在宅ワーク向けのテザリングを頻繁に使う人に適したプランとして、**楽天モバイルのRakuten最強プラン**が最も有力である。このプランは、月額3,278円（税込）でデータ利用量が無制限（20GB超の場合）となり、テザリング機能も**追加料金なしで利用可能**である。主要キャリアの無制...",段階8ラウンド5: 世代別・ライフスタイル別の最適解,blog.frankul.net
段階7: G3. フリーランス・在宅ワーク向けの最適プラン調査: テザリングを頻繁に使う人に適したプランを明確にする,https://nagolog.info/rakutenmobile_remotework,"フリーランス・在宅ワーク向けのテザリングを頻繁に使う人に適したプランとして、**楽天モバイルのRakuten最強プラン**が最も有力である。このプランは、月額3,278円（税込）でデータ利用量が無制限（20GB超の場合）となり、テザリング機能も**追加料金なしで利用可能**である。主要キャリアの無制...",段階8ラウンド5: 世代別・ライフスタイル別の最適解,nagolog.info
段階7: G3. フリーランス・在宅ワーク向けの最適プラン調査: テザリングを頻繁に使う人に適したプランを明確にする,https://chiikinyanko.hatenablog.com/entry/2021/10/03/114714,"フリーランス・在宅ワーク向けのテザリングを頻繁に使う人に適したプランとして、**楽天モバイルのRakuten最強プラン**が最も有力である。このプランは、月額3,278円（税込）でデータ利用量が無制限（20GB超の場合）となり、テザリング機能も**追加料金なしで利用可能**である。主要キャリアの無制...",段階8ラウンド5: 世代別・ライフスタイル別の最適解,chiikinyanko.hatenablog.com
段階7: G3. フリーランス・在宅ワーク向けの最適プラン調査: テザリングを頻繁に使う人に適したプランを明確にする,https://note.com/rsensui/n/n4af306ee6222,"フリーランス・在宅ワーク向けのテザリングを頻繁に使う人に適したプランとして、**楽天モバイルのRakuten最強プラン**が最も有力である。このプランは、月額3,278円（税込）でデータ利用量が無制限（20GB超の場合）となり、テザリング機能も**追加料金なしで利用可能**である。主要キャリアの無制...",段階8ラウンド5: 世代別・ライフスタイル別の最適解,note.com
段階7: G3. フリーランス・在宅ワーク向けの最適プラン調査: テザリングを頻繁に使う人に適したプランを明確にする,https://www.reddit.com/r/iphone/comments/1jjssu5/is_using_hotspot_good_in_the_long_run/?tl=ja,"フリーランス・在宅ワーク向けのテザリングを頻繁に使う人に適したプランとして、**楽天モバイルのRakuten最強プラン**が最も有力である。このプランは、月額3,278円（税込）でデータ利用量が無制限（20GB超の場合）となり、テザリング機能も**追加料金なしで利用可能**である。主要キャリアの無制...",段階8ラウンド5: 世代別・ライフスタイル別の最適解,www.reddit.com
段階7: G3. フリーランス・在宅ワーク向けの最適プラン調査: テザリングを頻繁に使う人に適したプランを明確にする,https://book.mynavi.jp/ashita_magazine/rakutenmobile-tethering/,"フリーランス・在宅ワーク向けのテザリングを頻繁に使う人に適したプランとして、**楽天モバイルのRakuten最強プラン**が最も有力である。このプランは、月額3,278円（税込）でデータ利用量が無制限（20GB超の場合）となり、テザリング機能も**追加料金なしで利用可能**である。主要キャリアの無制...",段階8ラウンド5: 世代別・ライフスタイル別の最適解,book.mynavi.jp
段階7: G6. ヘビーユーザー向けの最適プラン調査: 月間50GB以上使う人に適したプランを明確にする,https://lifealittlericher.com/50gb_plan_cost_performance/,"月間50GB以上の大容量データ通信を必要とするヘビーユーザー向けの主要なプランは、**日本通信SIM 合理的50GBプラン（2,178円/50GB）**、**楽天モバイル Rakuten最強プラン（3,278円/無制限）**、**mineo マイピタ50GB（2,948円/50GB）**の3つに集約...",段階8ラウンド5: 世代別・ライフスタイル別の最適解,lifealittlericher.com
段階7: G6. ヘビーユーザー向けの最適プラン調査: 月間50GB以上使う人に適したプランを明確にする,https://hikkoshizamurai.jp/soldi/articles/kakuyasuSIM-50GB/,"月間50GB以上の大容量データ通信を必要とするヘビーユーザー向けの主要なプランは、**日本通信SIM 合理的50GBプラン（2,178円/50GB）**、**楽天モバイル Rakuten最強プラン（3,278円/無制限）**、**mineo マイピタ50GB（2,948円/50GB）**の3つに集約...",段階8ラウンド5: 世代別・ライフスタイル別の最適解,hikkoshizamurai.jp
段階7: G6. ヘビーユーザー向けの最適プラン調査: 月間50GB以上使う人に適したプランを明確にする,https://sim-fan.mobile-runner.com/amount-50gb/,"月間50GB以上の大容量データ通信を必要とするヘビーユーザー向けの主要なプランは、**日本通信SIM 合理的50GBプラン（2,178円/50GB）**、**楽天モバイル Rakuten最強プラン（3,278円/無制限）**、**mineo マイピタ50GB（2,948円/50GB）**の3つに集約...",段階8ラウンド5: 世代別・ライフスタイル別の最適解,sim-fan.mobile-runner.com
段階7: G6. ヘビーユーザー向けの最適プラン調査: 月間50GB以上使う人に適したプランを明確にする,https://starcraft-n.co.jp/erisgood/mobile/sim/sim-30gb/,"月間50GB以上の大容量データ通信を必要とするヘビーユーザー向けの主要なプランは、**日本通信SIM 合理的50GBプラン（2,178円/50GB）**、**楽天モバイル Rakuten最強プラン（3,278円/無制限）**、**mineo マイピタ50GB（2,948円/50GB）**の3つに集約...",段階8ラウンド5: 世代別・ライフスタイル別の最適解,starcraft-n.co.jp
段階7: G6. ヘビーユーザー向けの最適プラン調査: 月間50GB以上使う人に適したプランを明確にする,https://my-best.com/13247,"月間50GB以上の大容量データ通信を必要とするヘビーユーザー向けの主要なプランは、**日本通信SIM 合理的50GBプラン（2,178円/50GB）**、**楽天モバイル Rakuten最強プラン（3,278円/無制限）**、**mineo マイピタ50GB（2,948円/50GB）**の3つに集約...",段階8ラウンド5: 世代別・ライフスタイル別の最適解,my-best.com
段階7: G6. ヘビーユーザー向けの最適プラン調査: 月間50GB以上使う人に適したプランを明確にする,https://kakaku.com/mobile_data/sim/report/?si_companycd=56,"月間50GB以上の大容量データ通信を必要とするヘビーユーザー向けの主要なプランは、**日本通信SIM 合理的50GBプラン（2,178円/50GB）**、**楽天モバイル Rakuten最強プラン（3,278円/無制限）**、**mineo マイピタ50GB（2,948円/50GB）**の3つに集約...",段階8ラウンド5: 世代別・ライフスタイル別の最適解,kakaku.com
段階7: G6. ヘビーユーザー向けの最適プラン調査: 月間50GB以上使う人に適したプランを明確にする,https://kakuyasu-sim.jp/nihontsushin-sim,"月間50GB以上の大容量データ通信を必要とするヘビーユーザー向けの主要なプランは、**日本通信SIM 合理的50GBプラン（2,178円/50GB）**、**楽天モバイル Rakuten最強プラン（3,278円/無制限）**、**mineo マイピタ50GB（2,948円/50GB）**の3つに集約...",段階8ラウンド5: 世代別・ライフスタイル別の最適解,kakuyasu-sim.jp
段階7: G6. ヘビーユーザー向けの最適プラン調査: 月間50GB以上使う人に適したプランを明確にする,https://www.itmedia.co.jp/mobile/articles/2412/12/news162.html,"月間50GB以上の大容量データ通信を必要とするヘビーユーザー向けの主要なプランは、**日本通信SIM 合理的50GBプラン（2,178円/50GB）**、**楽天モバイル Rakuten最強プラン（3,278円/無制限）**、**mineo マイピタ50GB（2,948円/50GB）**の3つに集約...",段階8ラウンド5: 世代別・ライフスタイル別の最適解,www.itmedia.co.jp
段階7: G6. ヘビーユーザー向けの最適プラン調査: 月間50GB以上使う人に適したプランを明確にする,https://mobiles-sim.com/nihontsushin-reputation/,"月間50GB以上の大容量データ通信を必要とするヘビーユーザー向けの主要なプランは、**日本通信SIM 合理的50GBプラン（2,178円/50GB）**、**楽天モバイル Rakuten最強プラン（3,278円/無制限）**、**mineo マイピタ50GB（2,948円/50GB）**の3つに集約...",段階8ラウンド5: 世代別・ライフスタイル別の最適解,mobiles-sim.com
段階7: G6. ヘビーユーザー向けの最適プラン調査: 月間50GB以上使う人に適したプランを明確にする,https://network.mobile.rakuten.co.jp/uservoice/99/,"月間50GB以上の大容量データ通信を必要とするヘビーユーザー向けの主要なプランは、**日本通信SIM 合理的50GBプラン（2,178円/50GB）**、**楽天モバイル Rakuten最強プラン（3,278円/無制限）**、**mineo マイピタ50GB（2,948円/50GB）**の3つに集約...",段階8ラウンド5: 世代別・ライフスタイル別の最適解,network.mobile.rakuten.co.jp
段階7: G6. ヘビーユーザー向けの最適プラン調査: 月間50GB以上使う人に適したプランを明確にする,https://network.mobile.rakuten.co.jp/uservoice/37/,"月間50GB以上の大容量データ通信を必要とするヘビーユーザー向けの主要なプランは、**日本通信SIM 合理的50GBプラン（2,178円/50GB）**、**楽天モバイル Rakuten最強プラン（3,278円/無制限）**、**mineo マイピタ50GB（2,948円/50GB）**の3つに集約...",段階8ラウンド5: 世代別・ライフスタイル別の最適解,network.mobile.rakuten.co.jp
段階7: G6. ヘビーユーザー向けの最適プラン調査: 月間50GB以上使う人に適したプランを明確にする,https://king.mineo.jp/reports/299009,"月間50GB以上の大容量データ通信を必要とするヘビーユーザー向けの主要なプランは、**日本通信SIM 合理的50GBプラン（2,178円/50GB）**、**楽天モバイル Rakuten最強プラン（3,278円/無制限）**、**mineo マイピタ50GB（2,948円/50GB）**の3つに集約...",段階8ラウンド5: 世代別・ライフスタイル別の最適解,king.mineo.jp
段階7: G6. ヘビーユーザー向けの最適プラン調査: 月間50GB以上使う人に適したプランを明確にする,https://king.mineo.jp/question-answer/%E3%83%87%E3%83%BC%E3%82%BF%E9%80%9A%E4%BF%A1%EF%BC%8F%E9%9F%B3%E5%A3%B0%E9%80%9A%E8%A9%B1+%E3%83%87%E3%83%BC%E3%82%BF%E9%80%9A%E4%BF%A1/41192,"月間50GB以上の大容量データ通信を必要とするヘビーユーザー向けの主要なプランは、**日本通信SIM 合理的50GBプラン（2,178円/50GB）**、**楽天モバイル Rakuten最強プラン（3,278円/無制限）**、**mineo マイピタ50GB（2,948円/50GB）**の3つに集約...",段階8ラウンド5: 世代別・ライフスタイル別の最適解,king.mineo.jp
段階7: H4. 継続利用率調査: 契約後、どれくらいの人が継続して利用しているかを把握する,https://prtimes.jp/main/html/rd/p/000000491.000055900.html,サブスクリプションサービス全般の継続率（利用経験者ベース）は、旅行・ホテル（89.2％）、動画配信（84.8％）、自動車・バイク・自転車（84.5％）などが高い傾向にある（Appliv調べ、2024年2月）。一方で、モバイルアプリの平均継続率は厳しく、iOSとAndroidのアプリの1日目の平均リテ...,段階8ラウンド6: 実際の利用者の生の声,prtimes.jp
段階7: H4. 継続利用率調査: 契約後、どれくらいの人が継続して利用しているかを把握する,https://manamina.valuesccg.com/articles/3981,サブスクリプションサービス全般の継続率（利用経験者ベース）は、旅行・ホテル（89.2％）、動画配信（84.8％）、自動車・バイク・自転車（84.5％）などが高い傾向にある（Appliv調べ、2024年2月）。一方で、モバイルアプリの平均継続率は厳しく、iOSとAndroidのアプリの1日目の平均リテ...,段階8ラウンド6: 実際の利用者の生の声,manamina.valuesccg.com
段階7: H5. 推奨度調査: 友人や家族に推奨したいと思うかを把握する,https://www.nttcoms.com/service/nps/report/,"**指標と計算方法**
推奨度を測る主要な指標は**NPS（ネット・プロモーター・スコア）**である。
*   **定義**: 顧客が製品やサービスを「友人や同僚に薦める可能性」を0（全く薦めない）から10（強く薦める）の11段階で評価してもらう。
*   **分類**: 9〜10点を付けた顧客を「...",段階8ラウンド6: 実際の利用者の生の声,www.nttcoms.com
段階7: H5. 推奨度調査: 友人や家族に推奨したいと思うかを把握する,https://emotion-tech.co.jp/column/2019/why_nps_in_japan_are_so_low/,"**指標と計算方法**
推奨度を測る主要な指標は**NPS（ネット・プロモーター・スコア）**である。
*   **定義**: 顧客が製品やサービスを「友人や同僚に薦める可能性」を0（全く薦めない）から10（強く薦める）の11段階で評価してもらう。
*   **分類**: 9〜10点を付けた顧客を「...",段階8ラウンド6: 実際の利用者の生の声,emotion-tech.co.jp
段階7: H5. 推奨度調査: 友人や家族に推奨したいと思うかを把握する,https://www.nttcoms.com/service/nps/column/nps-meaningless/,"**指標と計算方法**
推奨度を測る主要な指標は**NPS（ネット・プロモーター・スコア）**である。
*   **定義**: 顧客が製品やサービスを「友人や同僚に薦める可能性」を0（全く薦めない）から10（強く薦める）の11段階で評価してもらう。
*   **分類**: 9〜10点を付けた顧客を「...",段階8ラウンド6: 実際の利用者の生の声,www.nttcoms.com
段階7: H5. 推奨度調査: 友人や家族に推奨したいと思うかを把握する,https://xtrend.nikkei.com/atcl/contents/18/00976/00003/,"**指標と計算方法**
推奨度を測る主要な指標は**NPS（ネット・プロモーター・スコア）**である。
*   **定義**: 顧客が製品やサービスを「友人や同僚に薦める可能性」を0（全く薦めない）から10（強く薦める）の11段階で評価してもらう。
*   **分類**: 9〜10点を付けた顧客を「...",段階8ラウンド6: 実際の利用者の生の声,xtrend.nikkei.com
段階7: H6. SNSでの評判調査: Twitter、Instagram、YouTubeなどのSNSでの評判を把握する,https://www.soumu.go.jp/menu_news/s-news/01iicp01_02000125.html,総務省「令和6年度情報通信メディアの利用時間と情報行動に関する調査報告書」（令和7年6月27日公表）によると、全年代のSNS利用率はLINEが91.1％、YouTubeが80.8％、Instagramが52.6％、X（旧Twitter）が43.3％と高い普及率を示す。また、「いち早く世の中のできごと...,段階8ラウンド6: 実際の利用者の生の声,www.soumu.go.jp
段階7: H6. SNSでの評判調査: Twitter、Instagram、YouTubeなどのSNSでの評判を把握する,https://quid.tdse.jp/sns-analysis/kuchikomi/,総務省「令和6年度情報通信メディアの利用時間と情報行動に関する調査報告書」（令和7年6月27日公表）によると、全年代のSNS利用率はLINEが91.1％、YouTubeが80.8％、Instagramが52.6％、X（旧Twitter）が43.3％と高い普及率を示す。また、「いち早く世の中のできごと...,段階8ラウンド6: 実際の利用者の生の声,quid.tdse.jp
段階7: H6. SNSでの評判調査: Twitter、Instagram、YouTubeなどのSNSでの評判を把握する,https://axia-company.co.jp/column/company-snstrouble/,総務省「令和6年度情報通信メディアの利用時間と情報行動に関する調査報告書」（令和7年6月27日公表）によると、全年代のSNS利用率はLINEが91.1％、YouTubeが80.8％、Instagramが52.6％、X（旧Twitter）が43.3％と高い普及率を示す。また、「いち早く世の中のできごと...,段階8ラウンド6: 実際の利用者の生の声,axia-company.co.jp
段階7: I1. 海外利用の頻度調査: 一般的なユーザーの年間海外渡航回数を把握する,https://news.infoseek.co.jp/article/financialfield_379299/,"- **海外旅行経験者（生涯）**: 2005年国土交通省のアンケート調査によると、これまでに海外旅行に行ったことがあると回答した人は**66.1%**。
- **年間海外旅行頻度（2005年国土交通省調査）**:
    - 年数回行く: **10.9%**
    - これまでに行ったことはある...",段階8ラウンド7: 海外利用の実態,news.infoseek.co.jp
段階7: I1. 海外利用の頻度調査: 一般的なユーザーの年間海外渡航回数を把握する,https://i-love-travel.info/kaigai_not_go/,"- **海外旅行経験者（生涯）**: 2005年国土交通省のアンケート調査によると、これまでに海外旅行に行ったことがあると回答した人は**66.1%**。
- **年間海外旅行頻度（2005年国土交通省調査）**:
    - 年数回行く: **10.9%**
    - これまでに行ったことはある...",段階8ラウンド7: 海外利用の実態,i-love-travel.info
段階7: I2. 海外での実際の使い方調査: 海外でスマホを使う場合、何に使うかを把握する,https://mmdlabo.jp/investigation/detail_1714.html,"**1. 利用目的の傾向（2024年調査、複数回答、n=100）**
最も多い利用目的は「地図アプリでのルート検索」（81%）であり、次いで「目的地（観光スポットやレストランなど）の情報収集や予約」（60%）、「翻訳・辞書」（36%）、「コミュニケーションツール（LINE、Skypeなど）」（35%...",段階8ラウンド7: 海外利用の実態,mmdlabo.jp
段階7: I2. 海外での実際の使い方調査: 海外でスマホを使う場合、何に使うかを把握する,https://prtimes.jp/main/html/rd/p/000000029.000126585.html,"**1. 利用目的の傾向（2024年調査、複数回答、n=100）**
最も多い利用目的は「地図アプリでのルート検索」（81%）であり、次いで「目的地（観光スポットやレストランなど）の情報収集や予約」（60%）、「翻訳・辞書」（36%）、「コミュニケーションツール（LINE、Skypeなど）」（35%...",段階8ラウンド7: 海外利用の実態,prtimes.jp
段階7: I2. 海外での実際の使い方調査: 海外でスマホを使う場合、何に使うかを把握する,https://note.com/official_geoinfo/n/nd2273f79c9fb,"**1. 利用目的の傾向（2024年調査、複数回答、n=100）**
最も多い利用目的は「地図アプリでのルート検索」（81%）であり、次いで「目的地（観光スポットやレストランなど）の情報収集や予約」（60%）、「翻訳・辞書」（36%）、「コミュニケーションツール（LINE、Skypeなど）」（35%...",段階8ラウンド7: 海外利用の実態,note.com
段階7: I2. 海外での実際の使い方調査: 海外でスマホを使う場合、何に使うかを把握する,https://www.arukikata.co.jp/webmagazine/303767/,"**1. 利用目的の傾向（2024年調査、複数回答、n=100）**
最も多い利用目的は「地図アプリでのルート検索」（81%）であり、次いで「目的地（観光スポットやレストランなど）の情報収集や予約」（60%）、「翻訳・辞書」（36%）、「コミュニケーションツール（LINE、Skypeなど）」（35%...",段階8ラウンド7: 海外利用の実態,www.arukikata.co.jp
段階7: I2. 海外での実際の使い方調査: 海外でスマホを使う場合、何に使うかを把握する,https://ameblo.jp/shian6923/entry-12939693578.html,"**1. 利用目的の傾向（2024年調査、複数回答、n=100）**
最も多い利用目的は「地図アプリでのルート検索」（81%）であり、次いで「目的地（観光スポットやレストランなど）の情報収集や予約」（60%）、「翻訳・辞書」（36%）、「コミュニケーションツール（LINE、Skypeなど）」（35%...",段階8ラウンド7: 海外利用の実態,ameblo.jp
段階7: I2. 海外での実際の使い方調査: 海外でスマホを使う場合、何に使うかを把握する,https://simontrip.net/?p=176,"**1. 利用目的の傾向（2024年調査、複数回答、n=100）**
最も多い利用目的は「地図アプリでのルート検索」（81%）であり、次いで「目的地（観光スポットやレストランなど）の情報収集や予約」（60%）、「翻訳・辞書」（36%）、「コミュニケーションツール（LINE、Skypeなど）」（35%...",段階8ラウンド7: 海外利用の実態,simontrip.net
段階7: I3. 海外での通信速度調査: ahamoの海外利用時の実測速度を把握する,https://ahamo.com/services/roaming-data/index.html,ahamoの海外ローミングは、月間20GB/100GBのデータ容量を国内と合わせて海外91の国・地域で追加料金なしで利用可能です。ただし、海外での月間利用可能データ容量は**30GBまで**に制限されます。海外で最初にデータ通信を利用した日（日本時間）を起算日として**15日経過後の日本時間0時以降...,段階8ラウンド2: 通信品質の実態,ahamo.com
段階7: I3. 海外での通信速度調査: ahamoの海外利用時の実測速度を把握する,https://faq.ahamo.com/faq/show/98?category_id=28&site_domain=default,ahamoの海外ローミングは、月間20GB/100GBのデータ容量を国内と合わせて海外91の国・地域で追加料金なしで利用可能です。ただし、海外での月間利用可能データ容量は**30GBまで**に制限されます。海外で最初にデータ通信を利用した日（日本時間）を起算日として**15日経過後の日本時間0時以降...,段階8ラウンド2: 通信品質の実態,faq.ahamo.com
段階7: I3. 海外での通信速度調査: ahamoの海外利用時の実測速度を把握する,https://note.com/vpn_life/n/nd41b651341de,ahamoの海外ローミングは、月間20GB/100GBのデータ容量を国内と合わせて海外91の国・地域で追加料金なしで利用可能です。ただし、海外での月間利用可能データ容量は**30GBまで**に制限されます。海外で最初にデータ通信を利用した日（日本時間）を起算日として**15日経過後の日本時間0時以降...,段階8ラウンド2: 通信品質の実態,note.com
段階7: I3. 海外での通信速度調査: ahamoの海外利用時の実測速度を把握する,https://www.showcase-tv.com/sim/ahamo-abroad/,ahamoの海外ローミングは、月間20GB/100GBのデータ容量を国内と合わせて海外91の国・地域で追加料金なしで利用可能です。ただし、海外での月間利用可能データ容量は**30GBまで**に制限されます。海外で最初にデータ通信を利用した日（日本時間）を起算日として**15日経過後の日本時間0時以降...,段階8ラウンド2: 通信品質の実態,www.showcase-tv.com
段階7: I3. 海外での通信速度調査: ahamoの海外利用時の実測速度を把握する,https://xn--ipv6-yn4cxgwe959zqrkp58g.com/media/ahamo-abroad/,ahamoの海外ローミングは、月間20GB/100GBのデータ容量を国内と合わせて海外91の国・地域で追加料金なしで利用可能です。ただし、海外での月間利用可能データ容量は**30GBまで**に制限されます。海外で最初にデータ通信を利用した日（日本時間）を起算日として**15日経過後の日本時間0時以降...,段階8ラウンド2: 通信品質の実態,xn--ipv6-yn4cxgwe959zqrkp58g.com
段階7: I4. 対象国・地域の網羅性調査: ahamoの対象82の国・地域で、主要な旅行先がカバーされているかを確認する,https://ahamo.com/services/roaming-data/index.html,"ahamoの海外データ通信の対象国・地域は、当初の82から**91**の国・地域に拡大されています（2023年10月10日時点）。ahamoは、この91の国・地域で、**日本人の渡航先約98％**のエリアをカバーしていると公表しています（2019年度実績より算出）。
また、外務省の2019年の統計に...",段階8ラウンド7: 海外利用の実態,ahamo.com
段階7: I4. 対象国・地域の網羅性調査: ahamoの対象82の国・地域で、主要な旅行先がカバーされているかを確認する,https://www.mofa.go.jp/mofaj/kids/ranking/kaigai.html,"ahamoの海外データ通信の対象国・地域は、当初の82から**91**の国・地域に拡大されています（2023年10月10日時点）。ahamoは、この91の国・地域で、**日本人の渡航先約98％**のエリアをカバーしていると公表しています（2019年度実績より算出）。
また、外務省の2019年の統計に...",段階8ラウンド7: 海外利用の実態,www.mofa.go.jp
段階7: I4. 対象国・地域の網羅性調査: ahamoの対象82の国・地域で、主要な旅行先がカバーされているかを確認する,https://esimdb.com/ja/blog/ahamo-data-roaming-review/,"ahamoの海外データ通信の対象国・地域は、当初の82から**91**の国・地域に拡大されています（2023年10月10日時点）。ahamoは、この91の国・地域で、**日本人の渡航先約98％**のエリアをカバーしていると公表しています（2019年度実績より算出）。
また、外務省の2019年の統計に...",段階8ラウンド7: 海外利用の実態,esimdb.com
段階7: I4. 対象国・地域の網羅性調査: ahamoの対象82の国・地域で、主要な旅行先がカバーされているかを確認する,https://xn--ipv6-yn4cxgwe959zqrkp58g.com/media/ahamo-abroad/,"ahamoの海外データ通信の対象国・地域は、当初の82から**91**の国・地域に拡大されています（2023年10月10日時点）。ahamoは、この91の国・地域で、**日本人の渡航先約98％**のエリアをカバーしていると公表しています（2019年度実績より算出）。
また、外務省の2019年の統計に...",段階8ラウンド7: 海外利用の実態,xn--ipv6-yn4cxgwe959zqrkp58g.com
